"Degree_resistance","Access","eir","half_life","Vaccine_type","Age","Blood_clerance","Seasonality","time_0.1","time_UP","time_LOW"
0,0.1,5,1,"BSV","Children",0,"Seasonal",NA,NA,NA
0.25,0.1,5,1,"BSV","Children",0,"Seasonal",14.9624531617617,11.987254896557,19.9020875328119
0.5,0.1,5,1,"BSV","Children",0,"Seasonal",8.44222405999939,7.28760649372128,10.031586166054
0.75,0.1,5,1,"BSV","Children",0,"Seasonal",6.53612976891496,5.65369803198151,7.74496784001408
1,0.1,5,1,"BSV","Children",0,"Seasonal",5.79822617697839,4.84768184666606,7.21246188081672
0,0.1,50,1,"BSV","Children",0,"Seasonal",NA,NA,NA
0.25,0.1,50,1,"BSV","Children",0,"Seasonal",8.71864434027059,7.69258637313747,10.0605473433205
0.5,0.1,50,1,"BSV","Children",0,"Seasonal",5.56434414142953,5.18326200206567,6.00590864550867
0.75,0.1,50,1,"BSV","Children",0,"Seasonal",4.55662054136031,4.25701014589565,4.90159728580738
1,0.1,50,1,"BSV","Children",0,"Seasonal",4.1963976677956,3.80500730610212,4.67753823738951
0,0.3,5,1,"BSV","Children",0,"Seasonal",NA,NA,NA
0.25,0.3,5,1,"BSV","Children",0,"Seasonal",26.3156591045151,17.7693247710067,50.7006373214961
0.5,0.3,5,1,"BSV","Children",0,"Seasonal",12.6977080322358,10.31948608278,16.5003731297639
0.75,0.3,5,1,"BSV","Children",0,"Seasonal",9.27578773926703,7.66422923767629,11.7455197372502
1,0.3,5,1,"BSV","Children",0,"Seasonal",7.89650180331454,6.28969919588087,10.6059615249903
0,0.3,50,1,"BSV","Children",0,"Seasonal",NA,NA,NA
0.25,0.3,50,1,"BSV","Children",0,"Seasonal",12.2025425783849,10.7644222242107,14.0841806702242
0.5,0.3,50,1,"BSV","Children",0,"Seasonal",7.39254714916494,7.03496342870554,7.78842916108728
0.75,0.3,50,1,"BSV","Children",0,"Seasonal",5.88675834612179,5.55038402150291,6.26653408072671
1,0.3,50,1,"BSV","Children",0,"Seasonal",5.28774698227504,4.80182327694739,5.88309021578264
0,0.1,5,1.5,"BSV","Children",0,"Seasonal",NA,NA,NA
0.25,0.1,5,1.5,"BSV","Children",0,"Seasonal",10.496670839672,8.84341880974708,12.9101951576115
0.5,0.1,5,1.5,"BSV","Children",0,"Seasonal",7.04941224983478,6.23628586374719,8.10637233562292
0.75,0.1,5,1.5,"BSV","Children",0,"Seasonal",5.9296914218109,5.2312024900589,6.84345395578996
1,0.1,5,1.5,"BSV","Children",0,"Seasonal",5.57409959770228,4.70062890099795,6.84627398904104
0,0.1,50,1.5,"BSV","Children",0,"Seasonal",NA,NA,NA
0.25,0.1,50,1.5,"BSV","Children",0,"Seasonal",7.46597760811235,6.51084795935919,8.74951578837287
0.5,0.1,50,1.5,"BSV","Children",0,"Seasonal",5.16465417695398,4.7034211930317,5.72618250609505
0.75,0.1,50,1.5,"BSV","Children",0,"Seasonal",4.44102453611264,4.05606039688845,4.90672607805637
1,0.1,50,1.5,"BSV","Children",0,"Seasonal",4.25817447956416,3.77053513142426,4.89068113361433
0,0.3,5,1.5,"BSV","Children",0,"Seasonal",NA,NA,NA
0.25,0.3,5,1.5,"BSV","Children",0,"Seasonal",15.0429816870574,10.5763292661429,26.0405798043363
0.5,0.3,5,1.5,"BSV","Children",0,"Seasonal",9.59495079560404,7.72428559001268,12.6612481336526
0.75,0.3,5,1.5,"BSV","Children",0,"Seasonal",7.89228189289665,6.50571115390088,10.029985931007
1,0.3,5,1.5,"BSV","Children",0,"Seasonal",7.29161089274963,5.7877022173024,9.8514720934467
0,0.3,50,1.5,"BSV","Children",0,"Seasonal",NA,NA,NA
0.25,0.3,50,1.5,"BSV","Children",0,"Seasonal",9.59890688398143,7.89781780394984,12.2339416592743
0.5,0.3,50,1.5,"BSV","Children",0,"Seasonal",6.46400908989767,5.7587975651092,7.36604057212886
0.75,0.3,50,1.5,"BSV","Children",0,"Seasonal",5.48029519912214,4.93761181605251,6.15699908275313
1,0.3,50,1.5,"BSV","Children",0,"Seasonal",5.18878271292223,4.54432017558072,6.04624377511459
0,0.1,5,1,"AIV","Children",0,"Seasonal",NA,NA,NA
0.25,0.1,5,1,"AIV","Children",0,"Seasonal",27.7845550076143,22.475591946052,36.3772249610402
0.5,0.1,5,1,"AIV","Children",0,"Seasonal",14.8465478468705,13.8128332284855,16.0474987113325
0.75,0.1,5,1,"AIV","Children",0,"Seasonal",10.6271724338534,9.91975734056807,11.443232234592
1,0.1,5,1,"AIV","Children",0,"Seasonal",8.28688081806786,7.71638250328511,8.94847166068464
0,0.1,50,1,"AIV","Children",0,"Seasonal",NA,NA,NA
0.25,0.1,50,1,"AIV","Children",0,"Seasonal",19.0951059749018,16.8806152032215,21.9783445675553
0.5,0.1,50,1,"AIV","Children",0,"Seasonal",10.6372888005063,10.003336929201,11.357029647854
0.75,0.1,50,1,"AIV","Children",0,"Seasonal",7.84487428202771,7.47820774690865,8.24935100314509
1,0.1,50,1,"AIV","Children",0,"Seasonal",6.37891521796065,6.11928263039311,6.66155569167645
0,0.3,5,1,"AIV","Children",0,"Seasonal",NA,NA,NA
0.25,0.3,5,1,"AIV","Children",0,"Seasonal",38.1403285145341,28.0628060562795,59.5111351006829
0.5,0.3,5,1,"AIV","Children",0,"Seasonal",19.1315480116677,16.4553369541472,22.8473178449953
0.75,0.3,5,1,"AIV","Children",0,"Seasonal",13.4575874564083,11.9977293682327,15.3219267877066
1,0.3,5,1,"AIV","Children",0,"Seasonal",10.1808113974265,9.01517076837494,11.6926429581591
0,0.3,50,1,"AIV","Children",0,"Seasonal",NA,NA,NA
0.25,0.3,50,1,"AIV","Children",0,"Seasonal",23.9122055199948,21.0070896554574,27.7497830358269
0.5,0.3,50,1,"AIV","Children",0,"Seasonal",12.9326615270883,12.0712125512955,13.9265119282806
0.75,0.3,50,1,"AIV","Children",0,"Seasonal",9.46872571670069,8.9847755253823,10.0077782724304
1,0.3,50,1,"AIV","Children",0,"Seasonal",7.56009300127082,7.10966964219435,8.07144854209164
0,0.1,5,1.5,"AIV","Children",0,"Seasonal",NA,NA,NA
0.25,0.1,5,1.5,"AIV","Children",0,"Seasonal",20.3331775567774,16.4168701963536,26.7033685611
0.5,0.1,5,1.5,"AIV","Children",0,"Seasonal",12.2652137020541,10.766641457821,14.2484001025761
0.75,0.1,5,1.5,"AIV","Children",0,"Seasonal",9.33442335386885,8.37316291032114,10.545018335876
1,0.1,5,1.5,"AIV","Children",0,"Seasonal",7.72185883078281,6.95732386679197,8.67516616222834
0,0.1,50,1.5,"AIV","Children",0,"Seasonal",NA,NA,NA
0.25,0.1,50,1.5,"AIV","Children",0,"Seasonal",15.4176157743272,13.4927617739275,17.9830459265067
0.5,0.1,50,1.5,"AIV","Children",0,"Seasonal",9.14423925855778,8.42570984205944,9.9967436163099
0.75,0.1,50,1.5,"AIV","Children",0,"Seasonal",6.99312856377519,6.57437763921777,7.46885251315885
1,0.1,50,1.5,"AIV","Children",0,"Seasonal",5.93595951099144,5.59891852302599,6.31617772108409
0,0.3,5,1.5,"AIV","Children",0,"Seasonal",NA,NA,NA
0.25,0.3,5,1.5,"AIV","Children",0,"Seasonal",25.9616681479425,20.3158750329853,35.9530375282547
0.5,0.3,5,1.5,"AIV","Children",0,"Seasonal",15.1892331971724,12.8062582302458,18.6618014428277
0.75,0.3,5,1.5,"AIV","Children",0,"Seasonal",11.485001576576,9.9017766233872,13.6708798164853
1,0.3,5,1.5,"AIV","Children",0,"Seasonal",9.33975029094807,8.02285350727141,11.1738639939514
0,0.3,50,1.5,"AIV","Children",0,"Seasonal",NA,NA,NA
0.25,0.3,50,1.5,"AIV","Children",0,"Seasonal",18.8719647550194,16.1200392874779,22.7568987951854
0.5,0.3,50,1.5,"AIV","Children",0,"Seasonal",10.9055636753586,9.987703869322,12.0091966033275
0.75,0.3,50,1.5,"AIV","Children",0,"Seasonal",8.29723857314995,7.73759960517362,8.94414349041403
1,0.3,50,1.5,"AIV","Children",0,"Seasonal",6.96296329700971,6.41995693868971,7.60631281838466
0,0.1,5,1,"AIV","Children",0,"Perenial",NA,NA,NA
0.25,0.1,5,1,"AIV","Children",0,"Perenial",38.3086898170614,30.8821485688479,50.4380310531395
0.5,0.1,5,1,"AIV","Children",0,"Perenial",20.350628755696,18.92897585843,22.0031675473718
0.75,0.1,5,1,"AIV","Children",0,"Perenial",16.4999296687048,15.5991461054155,17.5111215887844
1,0.1,5,1,"AIV","Children",0,"Perenial",13.9908655497343,12.7178801575484,15.54703254244
0,0.1,50,1,"AIV","Children",0,"Perenial",NA,NA,NA
0.25,0.1,50,1,"AIV","Children",0,"Perenial",22.4506434218203,21.0019451467917,24.1140095426379
0.5,0.1,50,1,"AIV","Children",0,"Perenial",12.6911748099385,12.2689550883874,13.1434905010114
0.75,0.1,50,1,"AIV","Children",0,"Perenial",9.67260289166138,9.33504650375578,10.0354873018374
1,0.1,50,1,"AIV","Children",0,"Perenial",8.08349259879481,7.81113176574259,8.37553314463927
0,0.3,5,1,"AIV","Children",0,"Perenial",NA,NA,NA
0.25,0.3,5,1,"AIV","Children",0,"Perenial",58.5687712746541,45.4070106381105,82.4751806917315
0.5,0.3,5,1,"AIV","Children",0,"Perenial",28.6653437895938,25.8336546070321,32.194231100982
0.75,0.3,5,1,"AIV","Children",0,"Perenial",21.9622057940952,20.4618586371444,23.699985667707
1,0.3,5,1,"AIV","Children",0,"Perenial",17.5699367297064,15.9836758276893,19.505735887342
0,0.3,50,1,"AIV","Children",0,"Perenial",NA,NA,NA
0.25,0.3,50,1,"AIV","Children",0,"Perenial",30.2456415999026,27.8934831487787,33.0310312514192
0.5,0.3,50,1,"AIV","Children",0,"Perenial",16.3400067945242,15.7578595959021,16.9668168533788
0.75,0.3,50,1,"AIV","Children",0,"Perenial",11.9439351951676,11.5084418561682,12.4136839897971
1,0.3,50,1,"AIV","Children",0,"Perenial",9.58273423653874,9.25190768107088,9.93809732704351
0,0.1,5,1.5,"AIV","Children",0,"Perenial",NA,NA,NA
0.25,0.1,5,1.5,"AIV","Children",0,"Perenial",29.0113914980244,24.6828505064998,35.1809447922777
0.5,0.1,5,1.5,"AIV","Children",0,"Perenial",16.3265293071953,15.5169933033988,17.2251831684289
0.75,0.1,5,1.5,"AIV","Children",0,"Perenial",13.3078866233213,12.7986591107285,13.8593150558688
1,0.1,5,1.5,"AIV","Children",0,"Perenial",11.463526586882,10.6601557757863,12.3978538229038
0,0.1,50,1.5,"AIV","Children",0,"Perenial",NA,NA,NA
0.25,0.1,50,1.5,"AIV","Children",0,"Perenial",17.7700044589689,16.7730093329498,18.893013579178
0.5,0.1,50,1.5,"AIV","Children",0,"Perenial",10.5463069228747,10.2444540034334,10.8664880814168
0.75,0.1,50,1.5,"AIV","Children",0,"Perenial",8.22031281244058,7.96169387604992,8.49629721775989
1,0.1,50,1.5,"AIV","Children",0,"Perenial",6.99967397737044,6.79183879252738,7.22063049890546
0,0.3,5,1.5,"AIV","Children",0,"Perenial",NA,NA,NA
0.25,0.3,5,1.5,"AIV","Children",0,"Perenial",41.1556900540729,34.2613872684391,51.5236117361485
0.5,0.3,5,1.5,"AIV","Children",0,"Perenial",21.709197773944,20.2128334401122,23.4448279871304
0.75,0.3,5,1.5,"AIV","Children",0,"Perenial",16.9608483864709,16.1903904329385,17.808298305948
1,0.3,5,1.5,"AIV","Children",0,"Perenial",14.0517683287825,13.0696273534572,15.1935125276793
0,0.3,50,1.5,"AIV","Children",0,"Perenial",NA,NA,NA
0.25,0.3,50,1.5,"AIV","Children",0,"Perenial",23.0230540550137,21.4897112203507,24.7920249561839
0.5,0.3,50,1.5,"AIV","Children",0,"Perenial",13.1392366567564,12.7583779292748,13.5435335818178
0.75,0.3,50,1.5,"AIV","Children",0,"Perenial",9.92546934709065,9.640480597618,10.2278208581678
1,0.3,50,1.5,"AIV","Children",0,"Perenial",8.19947445360993,7.95584336799474,8.45849829650533
0,0.1,5,1,"BSV","Children",0,"Perenial",NA,NA,NA
0.25,0.1,5,1,"BSV","Children",0,"Perenial",17.3623873489894,14.5562857895812,21.5087582705568
0.5,0.1,5,1,"BSV","Children",0,"Perenial",11.8111052444621,10.7900273769877,13.0456349289269
0.75,0.1,5,1,"BSV","Children",0,"Perenial",10.3685932508725,9.58437739810813,11.2925780159594
1,0.1,5,1,"BSV","Children",0,"Perenial",8.59417126721499,7.6516404819317,9.80152535137817
0,0.1,50,1,"BSV","Children",0,"Perenial",NA,NA,NA
0.25,0.1,50,1,"BSV","Children",0,"Perenial",10.0703992665728,9.2541198087718,11.0446130121803
0.5,0.1,50,1,"BSV","Children",0,"Perenial",6.59721026563352,6.35915649185908,6.85378017998532
0.75,0.1,50,1,"BSV","Children",0,"Perenial",5.63128041597255,5.35233058843143,5.94090525489268
1,0.1,50,1,"BSV","Children",0,"Perenial",5.14785358027228,4.77438861514003,5.58470345787898
0,0.3,5,1,"BSV","Children",0,"Perenial",NA,NA,NA
0.25,0.3,5,1,"BSV","Children",0,"Perenial",36.2470888550433,27.4085991383067,53.4989808516954
0.5,0.3,5,1,"BSV","Children",0,"Perenial",19.7476964992013,16.7912256025124,23.9677561401547
0.75,0.3,5,1,"BSV","Children",0,"Perenial",15.2566081144045,13.3115340614649,17.8673798548531
1,0.3,5,1,"BSV","Children",0,"Perenial",13.0121503718911,11.5332923647671,14.9260444889424
0,0.3,50,1,"BSV","Children",0,"Perenial",NA,NA,NA
0.25,0.3,50,1,"BSV","Children",0,"Perenial",14.8823285102494,13.684577216795,16.3098592800541
0.5,0.3,50,1,"BSV","Children",0,"Perenial",8.90148606695004,8.53440270469523,9.30156683978585
0.75,0.3,50,1,"BSV","Children",0,"Perenial",7.22760310261962,6.77895180570177,7.73984948035449
1,0.3,50,1,"BSV","Children",0,"Perenial",6.80797596757459,6.2578857992241,7.46409627886821
0,0.1,5,1.5,"BSV","Children",0,"Perenial",NA,NA,NA
0.25,0.1,5,1.5,"BSV","Children",0,"Perenial",14.7712437186622,12.8044228433307,17.4519465702948
0.5,0.1,5,1.5,"BSV","Children",0,"Perenial",10.151079878552,9.48224415010518,10.9214293937757
0.75,0.1,5,1.5,"BSV","Children",0,"Perenial",8.90116540666971,8.2954541394844,9.60229888634976
1,0.1,5,1.5,"BSV","Children",0,"Perenial",7.63532015707997,6.95648537196043,8.46096676586304
0,0.1,50,1.5,"BSV","Children",0,"Perenial",NA,NA,NA
0.25,0.1,50,1.5,"BSV","Children",0,"Perenial",8.78890772662244,8.18851136000522,9.48431472430186
0.5,0.1,50,1.5,"BSV","Children",0,"Perenial",5.93925785603436,5.75189480289425,6.13923829200584
0.75,0.1,50,1.5,"BSV","Children",0,"Perenial",5.1313040239263,4.91231323208691,5.37073107068788
1,0.1,50,1.5,"BSV","Children",0,"Perenial",4.77230247844777,4.48637249617813,5.09715976634771
0,0.3,5,1.5,"BSV","Children",0,"Perenial",NA,NA,NA
0.25,0.3,5,1.5,"BSV","Children",0,"Perenial",25.5703050213695,20.9963292580498,32.6921804252795
0.5,0.3,5,1.5,"BSV","Children",0,"Perenial",14.9397987241913,13.3975173262286,16.8833596791184
0.75,0.3,5,1.5,"BSV","Children",0,"Perenial",11.9001816877042,10.7673505409572,13.2994104313696
1,0.3,5,1.5,"BSV","Children",0,"Perenial",10.6940289355438,9.6572422498507,11.9802053718436
0,0.3,50,1.5,"BSV","Children",0,"Perenial",NA,NA,NA
0.25,0.3,50,1.5,"BSV","Children",0,"Perenial",11.9404796461987,11.1436718054348,12.8600111909313
0.5,0.3,50,1.5,"BSV","Children",0,"Perenial",7.53808638097472,7.26467967406821,7.83287724144885
0.75,0.3,50,1.5,"BSV","Children",0,"Perenial",6.27895433292508,5.96523097019854,6.62750817104206
1,0.3,50,1.5,"BSV","Children",0,"Perenial",6.06131520633096,5.63317614436327,6.55988721756717
0,0.1,5,1,"BSV","Children",1,"Seasonal",NA,NA,NA
0.25,0.1,5,1,"BSV","Children",1,"Seasonal",16.1450038770651,12.7710631641544,21.9417024061687
0.5,0.1,5,1,"BSV","Children",1,"Seasonal",9.16306615256662,7.89963371098887,10.9075754842589
0.75,0.1,5,1,"BSV","Children",1,"Seasonal",7.54917469563144,6.50891735609265,8.98519089719078
1,0.1,5,1,"BSV","Children",1,"Seasonal",6.76679030781311,5.84151037779236,8.04036267774065
0,0.1,50,1,"BSV","Children",1,"Seasonal",NA,NA,NA
0.25,0.1,50,1,"BSV","Children",1,"Seasonal",8.72994487433819,7.78875813277756,9.92986056719555
0.5,0.1,50,1,"BSV","Children",1,"Seasonal",5.48078045218377,5.14881734987065,5.85849935097057
0.75,0.1,50,1,"BSV","Children",1,"Seasonal",4.62414666303224,4.32560130915309,4.9669572713865
1,0.1,50,1,"BSV","Children",1,"Seasonal",4.28386952500946,3.94890685186419,4.68092501799478
0,0.3,5,1,"BSV","Children",1,"Seasonal",NA,NA,NA
0.25,0.3,5,1,"BSV","Children",1,"Seasonal",28.7495321610966,19.1267214157752,57.8587395806102
0.5,0.3,5,1,"BSV","Children",1,"Seasonal",14.7436845401728,11.7200290996443,19.8699387377025
0.75,0.3,5,1,"BSV","Children",1,"Seasonal",11.6338920804628,9.76963358478972,14.3774155571167
1,0.3,5,1,"BSV","Children",1,"Seasonal",9.89506223903866,8.07320940820858,12.778811858548
0,0.3,50,1,"BSV","Children",1,"Seasonal",NA,NA,NA
0.25,0.3,50,1,"BSV","Children",1,"Seasonal",11.9509326266198,10.6810925238476,13.5634463321097
0.5,0.3,50,1,"BSV","Children",1,"Seasonal",7.23406222079305,6.67080123896197,7.90121541464285
0.75,0.3,50,1,"BSV","Children",1,"Seasonal",5.93846983680666,5.55201556074105,6.38274819016373
1,0.3,50,1,"BSV","Children",1,"Seasonal",5.36970242657502,4.86363288427096,5.99331765280815
0,0.1,5,1.5,"BSV","Children",1,"Seasonal",NA,NA,NA
0.25,0.1,5,1.5,"BSV","Children",1,"Seasonal",15.3959309855094,11.3017706158998,24.1413276343585
0.5,0.1,5,1.5,"BSV","Children",1,"Seasonal",8.74669778892606,7.35637916629877,10.7850104633317
0.75,0.1,5,1.5,"BSV","Children",1,"Seasonal",7.0006100723046,6.00459878576368,8.39275639015758
1,0.1,5,1.5,"BSV","Children",1,"Seasonal",6.07131080421126,5.34118141380387,7.03266245107196
0,0.1,50,1.5,"BSV","Children",1,"Seasonal",NA,NA,NA
0.25,0.1,50,1.5,"BSV","Children",1,"Seasonal",8.28569453307186,6.98018044653937,10.1919019192656
0.5,0.1,50,1.5,"BSV","Children",1,"Seasonal",5.35310162525044,4.82487522379288,6.01120744796598
0.75,0.1,50,1.5,"BSV","Children",1,"Seasonal",4.51375992195384,4.14491778888923,4.95465808965525
1,0.1,50,1.5,"BSV","Children",1,"Seasonal",4.10489833536732,3.82433101289296,4.42989188335625
0,0.3,5,1.5,"BSV","Children",1,"Seasonal",NA,NA,NA
0.25,0.3,5,1.5,"BSV","Children",1,"Seasonal",27.6825296005299,18.1753486610871,58.0445191495498
0.5,0.3,5,1.5,"BSV","Children",1,"Seasonal",13.8923143438272,11.677641294053,17.1436128140367
0.75,0.3,5,1.5,"BSV","Children",1,"Seasonal",10.5561427841372,8.72209477150583,13.366877579071
1,0.3,5,1.5,"BSV","Children",1,"Seasonal",8.60492152716236,6.82213060700353,11.6491251174366
0,0.3,50,1.5,"BSV","Children",1,"Seasonal",NA,NA,NA
0.25,0.3,50,1.5,"BSV","Children",1,"Seasonal",11.2272910742678,9.62795315870111,13.4638202589906
0.5,0.3,50,1.5,"BSV","Children",1,"Seasonal",6.99253581965319,6.33649000191795,7.80011771485446
0.75,0.3,50,1.5,"BSV","Children",1,"Seasonal",5.76300783599856,5.23030082809719,6.41653276351113
1,0.3,50,1.5,"BSV","Children",1,"Seasonal",5.10678841786148,4.548121487018,5.82192222166884
0,0.1,5,1,"AIV","Children",1,"Seasonal",NA,NA,NA
0.25,0.1,5,1,"AIV","Children",1,"Seasonal",32.0228951174833,26.8920984391771,39.5731311145763
0.5,0.1,5,1,"AIV","Children",1,"Seasonal",15.2868258568175,13.8969756272932,16.9855693930088
0.75,0.1,5,1,"AIV","Children",1,"Seasonal",10.8112216525765,10.1399051822358,11.577729881069
1,0.1,5,1,"AIV","Children",1,"Seasonal",9.05225107286224,8.48432709697886,9.70166095527398
0,0.1,50,1,"AIV","Children",1,"Seasonal",NA,NA,NA
0.25,0.1,50,1,"AIV","Children",1,"Seasonal",17.8099943929456,16.1402640576812,19.8650594291938
0.5,0.1,50,1,"AIV","Children",1,"Seasonal",9.76154122248894,9.31085954749713,10.2580716321441
0.75,0.1,50,1,"AIV","Children",1,"Seasonal",7.28283213009829,7.07710047600312,7.50088316759252
1,0.1,50,1,"AIV","Children",1,"Seasonal",6.25856073800117,6.07667650318435,6.45166907482832
0,0.3,5,1,"AIV","Children",1,"Seasonal",NA,NA,NA
0.25,0.3,5,1,"AIV","Children",1,"Seasonal",54.3143268984146,38.8593542203856,90.1805358269166
0.5,0.3,5,1,"AIV","Children",1,"Seasonal",22.2088059452296,19.2416737999016,26.2578577359402
0.75,0.3,5,1,"AIV","Children",1,"Seasonal",14.5920483475606,13.4114873840866,16.0005109663222
1,0.3,5,1,"AIV","Children",1,"Seasonal",11.4312823098479,10.5737456385351,12.4401885420928
0,0.3,50,1,"AIV","Children",1,"Seasonal",NA,NA,NA
0.25,0.3,50,1,"AIV","Children",1,"Seasonal",22.7381642753381,20.3953364219088,25.6890895940015
0.5,0.3,50,1,"AIV","Children",1,"Seasonal",12.1633758762676,11.5842551030987,12.8034465406165
0.75,0.3,50,1,"AIV","Children",1,"Seasonal",8.84080667235476,8.55901717893129,9.14178261844593
1,0.3,50,1,"AIV","Children",1,"Seasonal",7.32716043187042,7.08197781588141,7.58992863099468
0,0.1,5,1.5,"AIV","Children",1,"Seasonal",NA,NA,NA
0.25,0.1,5,1.5,"AIV","Children",1,"Seasonal",23.6707331255286,19.2515149248307,30.7233249525246
0.5,0.1,5,1.5,"AIV","Children",1,"Seasonal",12.9279219440946,11.7071617427983,14.4329084289584
0.75,0.1,5,1.5,"AIV","Children",1,"Seasonal",9.79900600667686,9.14834787469737,10.5493043979571
1,0.1,5,1.5,"AIV","Children",1,"Seasonal",8.62236827142841,7.93693710171284,9.43737690900334
0,0.1,50,1.5,"AIV","Children",1,"Seasonal",NA,NA,NA
0.25,0.1,50,1.5,"AIV","Children",1,"Seasonal",14.9133136050589,13.2988149369411,16.9739840284395
0.5,0.1,50,1.5,"AIV","Children",1,"Seasonal",8.66464512254295,8.23021828996431,9.14748953373332
0.75,0.1,50,1.5,"AIV","Children",1,"Seasonal",6.71891837610077,6.52059551689652,6.92968358273686
1,0.1,50,1.5,"AIV","Children",1,"Seasonal",5.9557969373618,5.73471170896088,6.19461230340966
0,0.3,5,1.5,"AIV","Children",1,"Seasonal",NA,NA,NA
0.25,0.3,5,1.5,"AIV","Children",1,"Seasonal",31.3784573697753,24.4618392651144,43.7483673501239
0.5,0.3,5,1.5,"AIV","Children",1,"Seasonal",16.7289528105833,14.7316492301988,19.3527858887399
0.75,0.3,5,1.5,"AIV","Children",1,"Seasonal",12.3596591244192,11.3396873314627,13.5812532304221
1,0.3,5,1.5,"AIV","Children",1,"Seasonal",10.4740867376083,9.57413878129137,11.5607740314431
0,0.3,50,1.5,"AIV","Children",1,"Seasonal",NA,NA,NA
0.25,0.3,50,1.5,"AIV","Children",1,"Seasonal",17.6379776326224,15.8230948807052,19.9231273069596
0.5,0.3,50,1.5,"AIV","Children",1,"Seasonal",10.2723558894119,9.7326604729364,10.8754195751619
0.75,0.3,50,1.5,"AIV","Children",1,"Seasonal",7.88327646427175,7.57444202009385,8.21836575717746
1,0.3,50,1.5,"AIV","Children",1,"Seasonal",6.82317455490235,6.53724967458635,7.13525486302739
0,0.1,5,1,"AIV","18",1,"Seasonal",NA,NA,NA
0.25,0.1,5,1,"AIV","18",1,"Seasonal",14.8310975678182,13.3107574064666,16.7435246516536
0.5,0.1,5,1,"AIV","18",1,"Seasonal",7.68485832099214,7.36686475295572,8.03154298201629
0.75,0.1,5,1,"AIV","18",1,"Seasonal",5.50155046234463,5.34133634159753,5.67167307912508
1,0.1,5,1,"AIV","18",1,"Seasonal",4.50683585203021,4.34691653946278,4.67897116816591
0,0.1,50,1,"AIV","18",1,"Seasonal",NA,NA,NA
0.25,0.1,50,1,"AIV","18",1,"Seasonal",21.9858834921324,19.4638167292295,25.258855063474
0.5,0.1,50,1,"AIV","18",1,"Seasonal",10.9966312720258,10.3375866830151,11.7454290007315
0.75,0.1,50,1,"AIV","18",1,"Seasonal",7.79087787915912,7.47939420808022,8.1294327802284
1,0.1,50,1,"AIV","18",1,"Seasonal",6.2069516716607,6.00663757409236,6.4210871616633
0,0.3,5,1,"AIV","18",1,"Seasonal",NA,NA,NA
0.25,0.3,5,1,"AIV","18",1,"Seasonal",11.4292018647632,10.5927457851874,12.409085168042
0.5,0.3,5,1,"AIV","18",1,"Seasonal",6.17201884417138,5.95561008412561,6.40474790691434
0.75,0.3,5,1,"AIV","18",1,"Seasonal",4.46415718279815,4.33753098854752,4.5983989342051
1,0.3,5,1,"AIV","18",1,"Seasonal",3.68574572500115,3.56908675993718,3.8102885995563
0,0.3,50,1,"AIV","18",1,"Seasonal",NA,NA,NA
0.25,0.3,50,1,"AIV","18",1,"Seasonal",17.8301238436054,16.1840020731382,19.8490258030399
0.5,0.3,50,1,"AIV","18",1,"Seasonal",8.93144052004623,8.54921968500153,9.34943772029588
0.75,0.3,50,1,"AIV","18",1,"Seasonal",6.30639782069956,6.09553922922308,6.53236729017824
1,0.3,50,1,"AIV","18",1,"Seasonal",5.05388728419819,4.87430912761397,5.24720352908659
0,0.1,5,1.5,"AIV","18",1,"Seasonal",NA,NA,NA
0.25,0.1,5,1.5,"AIV","18",1,"Seasonal",12.1440727380247,11.1550819668172,13.3254880560346
0.5,0.1,5,1.5,"AIV","18",1,"Seasonal",6.51475420399941,6.29434875117814,6.75115538191957
0.75,0.1,5,1.5,"AIV","18",1,"Seasonal",4.71019185287505,4.59618513081887,4.82999822478388
1,0.1,5,1.5,"AIV","18",1,"Seasonal",3.8814575423347,3.76444335683921,4.00597965682013
0,0.1,50,1.5,"AIV","18",1,"Seasonal",NA,NA,NA
0.25,0.1,50,1.5,"AIV","18",1,"Seasonal",17.8979466516499,16.2153772720383,19.9701227388106
0.5,0.1,50,1.5,"AIV","18",1,"Seasonal",9.19706333127787,8.74546830836156,9.69783635769242
0.75,0.1,50,1.5,"AIV","18",1,"Seasonal",6.55568250528386,6.33718571054671,6.78978422779795
1,0.1,50,1.5,"AIV","18",1,"Seasonal",5.2571682684173,5.11889655215872,5.40311736177093
0,0.3,5,1.5,"AIV","18",1,"Seasonal",NA,NA,NA
0.25,0.3,5,1.5,"AIV","18",1,"Seasonal",9.50242463625909,8.96480318419256,10.108642407928
0.5,0.3,5,1.5,"AIV","18",1,"Seasonal",5.28487230148925,5.14104783368079,5.43697555774718
0.75,0.3,5,1.5,"AIV","18",1,"Seasonal",3.85699555120549,3.76966948002244,3.94846346461323
1,0.3,5,1.5,"AIV","18",1,"Seasonal",3.20066683035354,3.11734002976958,3.28857064176183
0,0.3,50,1.5,"AIV","18",1,"Seasonal",NA,NA,NA
0.25,0.3,50,1.5,"AIV","18",1,"Seasonal",14.4743302536426,13.4463207119308,15.6725406549344
0.5,0.3,50,1.5,"AIV","18",1,"Seasonal",7.50196074103331,7.2535687982645,7.76796781572675
0.75,0.3,50,1.5,"AIV","18",1,"Seasonal",5.34372999706713,5.20126878471171,5.49421491727682
1,0.3,50,1.5,"AIV","18",1,"Seasonal",4.31074395044986,4.18653108011076,4.44255289591707
0,0.1,5,1,"AIV","18",0,"Seasonal",NA,NA,NA
0.25,0.1,5,1,"AIV","18",0,"Seasonal",13.6918544683923,12.4351335982568,15.2311462873462
0.5,0.1,5,1,"AIV","18",0,"Seasonal",7.26765104702196,6.91482453185386,7.65841922248595
0.75,0.1,5,1,"AIV","18",0,"Seasonal",5.15153103518463,4.94495613096801,5.37611765648775
1,0.1,5,1,"AIV","18",0,"Seasonal",4.11057634683467,3.92373329635347,4.31610355618389
0,0.1,50,1,"AIV","18",0,"Seasonal",NA,NA,NA
0.25,0.1,50,1,"AIV","18",0,"Seasonal",19.2802477725684,17.4148000988265,21.5932890088377
0.5,0.1,50,1,"AIV","18",0,"Seasonal",10.0016911251625,9.54292667576097,10.5067922239524
0.75,0.1,50,1,"AIV","18",0,"Seasonal",7.20103094325351,6.91566654809562,7.51095917762882
1,0.1,50,1,"AIV","18",0,"Seasonal",5.7506385416127,5.49012010853052,6.03711300660234
0,0.3,5,1,"AIV","18",0,"Seasonal",NA,NA,NA
0.25,0.3,5,1,"AIV","18",0,"Seasonal",10.5044680825238,9.56774756732819,11.6445120998445
0.5,0.3,5,1,"AIV","18",0,"Seasonal",5.79437319105421,5.54873961561444,6.06276167764463
0.75,0.3,5,1,"AIV","18",0,"Seasonal",4.17469655398895,4.05916073482192,4.29700204613253
1,0.3,5,1,"AIV","18",0,"Seasonal",3.39856198290331,3.3033491550991,3.49942636765748
0,0.3,50,1,"AIV","18",0,"Seasonal",NA,NA,NA
0.25,0.3,50,1,"AIV","18",0,"Seasonal",16.2277596105575,14.5405091343079,18.3579816701759
0.5,0.3,50,1,"AIV","18",0,"Seasonal",8.37393591433517,8.01187161867807,8.77027311351891
0.75,0.3,50,1,"AIV","18",0,"Seasonal",6.04018272284247,5.85894939788863,6.23298602334701
1,0.3,50,1,"AIV","18",0,"Seasonal",4.90354343262838,4.74769630708705,5.06996944505348
0,0.1,5,1.5,"AIV","18",0,"Seasonal",NA,NA,NA
0.25,0.1,5,1.5,"AIV","18",0,"Seasonal",11.6490446520643,10.7271746389597,12.7442584527389
0.5,0.1,5,1.5,"AIV","18",0,"Seasonal",6.32921761628295,6.07410048692373,6.60670454658271
0.75,0.1,5,1.5,"AIV","18",0,"Seasonal",4.5266091915793,4.38487991408676,4.67780652232703
1,0.1,5,1.5,"AIV","18",0,"Seasonal",3.6365985260418,3.50330856900767,3.78043217122237
0,0.1,50,1.5,"AIV","18",0,"Seasonal",NA,NA,NA
0.25,0.1,50,1.5,"AIV","18",0,"Seasonal",16.2952654676257,14.9299294077197,17.935455702468
0.5,0.1,50,1.5,"AIV","18",0,"Seasonal",8.60393623395234,8.27081219515376,8.96502096433758
0.75,0.1,50,1.5,"AIV","18",0,"Seasonal",6.21751775800157,6.01869485410477,6.4299253412357
1,0.1,50,1.5,"AIV","18",0,"Seasonal",4.98812278574479,4.80556936381828,5.18509352843159
0,0.3,5,1.5,"AIV","18",0,"Seasonal",NA,NA,NA
0.25,0.3,5,1.5,"AIV","18",0,"Seasonal",8.99398905145462,8.38215081754191,9.70218017219098
0.5,0.3,5,1.5,"AIV","18",0,"Seasonal",5.06889921391034,4.90899571751853,5.23957071688857
0.75,0.3,5,1.5,"AIV","18",0,"Seasonal",3.68148742758605,3.60321969024218,3.76323086547325
1,0.3,5,1.5,"AIV","18",0,"Seasonal",3.01265727474876,2.94047341528772,3.08847431661017
0,0.3,50,1.5,"AIV","18",0,"Seasonal",NA,NA,NA
0.25,0.3,50,1.5,"AIV","18",0,"Seasonal",13.4908747983266,12.4642978879596,14.7017297051517
0.5,0.3,50,1.5,"AIV","18",0,"Seasonal",7.1570108778219,6.94203926169352,7.38572185207055
0.75,0.3,50,1.5,"AIV","18",0,"Seasonal",5.19374316757775,5.07892897777798,5.31386839418565
1,0.3,50,1.5,"AIV","18",0,"Seasonal",4.23342672182211,4.12243723281602,4.35055796685074
0,0.1,5,1,"AIV","0.75",0,"Seasonal",NA,NA,NA
0.25,0.1,5,1,"AIV","0.75",0,"Seasonal",5.66945842902413,4.29143624793656,8.35106814555815
0.5,0.1,5,1,"AIV","0.75",0,"Seasonal",3.23098411726695,2.71081906537767,3.99817282468651
0.75,0.1,5,1,"AIV","0.75",0,"Seasonal",2.03287172575558,1.79901218841364,2.33661618220537
1,0.1,5,1,"AIV","0.75",0,"Seasonal",1.5338542670289,1.37501666783921,1.73418145203158
0,0.1,50,1,"AIV","0.75",0,"Seasonal",NA,NA,NA
0.25,0.1,50,1,"AIV","0.75",0,"Seasonal",5.43387000785559,4.52940214821135,6.78969066123711
0.5,0.1,50,1,"AIV","0.75",0,"Seasonal",3.17739671021002,2.78641246509809,3.6960146524207
0.75,0.1,50,1,"AIV","0.75",0,"Seasonal",2.02971987814634,1.85947245717541,2.23428384513814
1,0.1,50,1,"AIV","0.75",0,"Seasonal",1.56050974132439,1.42269983905235,1.7278810381106
0,0.3,5,1,"AIV","0.75",0,"Seasonal",NA,NA,NA
0.25,0.3,5,1,"AIV","0.75",0,"Seasonal",4.94483198956053,4.08892918150219,6.25391366609918
0.5,0.3,5,1,"AIV","0.75",0,"Seasonal",2.79145142370116,2.47925528590333,3.1936002778714
0.75,0.3,5,1,"AIV","0.75",0,"Seasonal",1.79637894083433,1.64373550312308,1.98027466620346
1,0.3,5,1,"AIV","0.75",0,"Seasonal",1.39565276801074,1.27265506332413,1.54496863653027
0,0.3,50,1,"AIV","0.75",0,"Seasonal",NA,NA,NA
0.25,0.3,50,1,"AIV","0.75",0,"Seasonal",4.83970453503115,4.20201004303109,5.70557987090155
0.5,0.3,50,1,"AIV","0.75",0,"Seasonal",2.76161807183081,2.53251415864969,3.03629667422602
0.75,0.3,50,1,"AIV","0.75",0,"Seasonal",1.80877410880839,1.71607274198813,1.91206275533778
1,0.3,50,1,"AIV","0.75",0,"Seasonal",1.4418449498992,1.35421066278549,1.54160605135343
0,0.1,5,1.5,"AIV","0.75",0,"Seasonal",NA,NA,NA
0.25,0.1,5,1.5,"AIV","0.75",0,"Seasonal",4.79916143206126,3.8962685700354,6.24673401345272
0.5,0.1,5,1.5,"AIV","0.75",0,"Seasonal",2.67390717805507,2.37989212609054,3.05080808350926
0.75,0.1,5,1.5,"AIV","0.75",0,"Seasonal",1.70697255769858,1.56699673558233,1.87440870725955
1,0.1,5,1.5,"AIV","0.75",0,"Seasonal",1.29935304433715,1.20234211157171,1.41339257677745
0,0.1,50,1.5,"AIV","0.75",0,"Seasonal",NA,NA,NA
0.25,0.1,50,1.5,"AIV","0.75",0,"Seasonal",4.31074493554241,3.77479424063788,5.02406952536509
0.5,0.1,50,1.5,"AIV","0.75",0,"Seasonal",2.49683662717138,2.29281272447987,2.74071688339684
0.75,0.1,50,1.5,"AIV","0.75",0,"Seasonal",1.63430245985076,1.53546657408393,1.74673757107581
1,0.1,50,1.5,"AIV","0.75",0,"Seasonal",1.27344183159868,1.19167019121149,1.3672625032539
0,0.3,5,1.5,"AIV","0.75",0,"Seasonal",NA,NA,NA
0.25,0.3,5,1.5,"AIV","0.75",0,"Seasonal",4.0849927727421,3.57221234613806,4.76966378088147
0.5,0.3,5,1.5,"AIV","0.75",0,"Seasonal",2.27860097314757,2.10894772011552,2.47793741947789
0.75,0.3,5,1.5,"AIV","0.75",0,"Seasonal",1.48993801230113,1.39608994570585,1.5973126898048
1,0.3,5,1.5,"AIV","0.75",0,"Seasonal",1.16805767255893,1.09038564958238,1.25764410647018
0,0.3,50,1.5,"AIV","0.75",0,"Seasonal",NA,NA,NA
0.25,0.3,50,1.5,"AIV","0.75",0,"Seasonal",3.80381008228502,3.49123948470039,4.1778531904985
0.5,0.3,50,1.5,"AIV","0.75",0,"Seasonal",2.15806172639359,2.04580718746727,2.28335038830494
0.75,0.3,50,1.5,"AIV","0.75",0,"Seasonal",1.44247246853916,1.38471333154978,1.50525983923765
1,0.3,50,1.5,"AIV","0.75",0,"Seasonal",1.16123420320616,1.10630943021253,1.22189756229706
0,0.1,5,1,"AIV","0.75",1,"Seasonal",NA,NA,NA
0.25,0.1,5,1,"AIV","0.75",1,"Seasonal",8.13483795864749,6.01116212470912,12.5787787197503
0.5,0.1,5,1,"AIV","0.75",1,"Seasonal",3.34822369700466,2.96860333411502,3.83917087936136
0.75,0.1,5,1,"AIV","0.75",1,"Seasonal",2.30255409164784,2.09878536372863,2.55014480370501
1,0.1,5,1,"AIV","0.75",1,"Seasonal",1.92171045477496,1.68439763057691,2.23685890585624
0,0.1,50,1,"AIV","0.75",1,"Seasonal",NA,NA,NA
0.25,0.1,50,1,"AIV","0.75",1,"Seasonal",5.69874476009263,4.70151425228866,7.23290426917821
0.5,0.1,50,1,"AIV","0.75",1,"Seasonal",2.97580699878561,2.65332410344739,3.38752395899614
0.75,0.1,50,1,"AIV","0.75",1,"Seasonal",2.16837865694624,2.02341691852472,2.33571399877205
1,0.1,50,1,"AIV","0.75",1,"Seasonal",1.75621174133587,1.64085013415755,1.88902126788611
0,0.3,5,1,"AIV","0.75",1,"Seasonal",NA,NA,NA
0.25,0.3,5,1,"AIV","0.75",1,"Seasonal",5.24264272957329,4.23954155720784,6.86754553728691
0.5,0.3,5,1,"AIV","0.75",1,"Seasonal",2.55410828352645,2.31693054900214,2.84538213693804
0.75,0.3,5,1,"AIV","0.75",1,"Seasonal",1.88491380233129,1.77284033346292,2.01211337070462
1,0.3,5,1,"AIV","0.75",1,"Seasonal",1.63945570018491,1.4876748917984,1.82572638928955
0,0.3,50,1,"AIV","0.75",1,"Seasonal",NA,NA,NA
0.25,0.3,50,1,"AIV","0.75",1,"Seasonal",4.71337345128935,4.22591872270021,5.32794568738863
0.5,0.3,50,1,"AIV","0.75",1,"Seasonal",2.50248970820223,2.31803304612167,2.71884048051049
0.75,0.3,50,1,"AIV","0.75",1,"Seasonal",1.86501126713082,1.78361543255324,1.9541913874662
1,0.3,50,1,"AIV","0.75",1,"Seasonal",1.54552316063699,1.4664597168622,1.63359776908447
0,0.1,5,1.5,"AIV","0.75",1,"Seasonal",NA,NA,NA
0.25,0.1,5,1.5,"AIV","0.75",1,"Seasonal",5.93335981926186,4.74778263788067,7.90810723249881
0.5,0.1,5,1.5,"AIV","0.75",1,"Seasonal",2.58341598403094,2.38761619594479,2.81419822491479
0.75,0.1,5,1.5,"AIV","0.75",1,"Seasonal",1.7789261227755,1.66389064362895,1.91104926998285
1,0.1,5,1.5,"AIV","0.75",1,"Seasonal",1.47272064032259,1.32425781379676,1.65867505526077
0,0.1,50,1.5,"AIV","0.75",1,"Seasonal",NA,NA,NA
0.25,0.1,50,1.5,"AIV","0.75",1,"Seasonal",4.3950018758001,3.83056977818648,5.15451674332355
0.5,0.1,50,1.5,"AIV","0.75",1,"Seasonal",2.30067521699095,2.13564099236214,2.49335198882381
0.75,0.1,50,1.5,"AIV","0.75",1,"Seasonal",1.66086063248432,1.58796255679058,1.74077376200072
1,0.1,50,1.5,"AIV","0.75",1,"Seasonal",1.34776210251281,1.27229364803191,1.43274821697015
0,0.3,5,1.5,"AIV","0.75",1,"Seasonal",NA,NA,NA
0.25,0.3,5,1.5,"AIV","0.75",1,"Seasonal",4.09459829277547,3.47430392010014,4.98452393498866
0.5,0.3,5,1.5,"AIV","0.75",1,"Seasonal",2.04976564178088,1.91441282891031,2.20571403185155
0.75,0.3,5,1.5,"AIV","0.75",1,"Seasonal",1.5065616411017,1.43789768244206,1.58211228263647
1,0.3,5,1.5,"AIV","0.75",1,"Seasonal",1.29569229226966,1.19349930956904,1.41702454953714
0,0.3,50,1.5,"AIV","0.75",1,"Seasonal",NA,NA,NA
0.25,0.3,50,1.5,"AIV","0.75",1,"Seasonal",3.68039198957704,3.3780851525447,4.04212406103253
0.5,0.3,50,1.5,"AIV","0.75",1,"Seasonal",1.97190012192721,1.87446761293729,2.08001682481628
0.75,0.3,50,1.5,"AIV","0.75",1,"Seasonal",1.46124158053461,1.41508209697639,1.51051402007949
1,0.3,50,1.5,"AIV","0.75",1,"Seasonal",1.21266345411811,1.15393032517512,1.27769605213808
0,0.1,5,1,"AIV","18",0,"Perennial",NA,NA,NA
0.25,0.1,5,1,"AIV","18",0,"Perennial",13.9666951155919,12.4373929043362,15.9248102729729
0.5,0.1,5,1,"AIV","18",0,"Perennial",7.54043233960626,7.24075339980651,7.86598838747536
0.75,0.1,5,1,"AIV","18",0,"Perennial",5.24802551530556,5.06829557142491,5.4409711364169
1,0.1,5,1,"AIV","18",0,"Perennial",4.41404938904066,4.29638923232056,4.53833544192628
0,0.1,50,1,"AIV","18",0,"Perennial",NA,NA,NA
0.25,0.1,50,1,"AIV","18",0,"Perennial",23.4727752717527,20.3359261287909,27.753851230352
0.5,0.1,50,1,"AIV","18",0,"Perennial",12.5426241753949,12.0978235029476,13.0213812969262
0.75,0.1,50,1,"AIV","18",0,"Perennial",8.47736726598204,8.13610470028688,8.84851116518826
1,0.1,50,1,"AIV","18",0,"Perennial",6.84040143851461,6.48850967044429,7.2326502300808
0,0.3,5,1,"AIV","18",0,"Perennial",NA,NA,NA
0.25,0.3,5,1,"AIV","18",0,"Perennial",11.1069338294667,9.98041341911674,12.5201187011285
0.5,0.3,5,1,"AIV","18",0,"Perennial",6.26748925965305,5.93344244729402,6.64139297090704
0.75,0.3,5,1,"AIV","18",0,"Perennial",4.48604654325201,4.36516466627604,4.61381411984162
1,0.3,5,1,"AIV","18",0,"Perennial",3.80341433293511,3.68372559684106,3.93114192727194
0,0.3,50,1,"AIV","18",0,"Perennial",NA,NA,NA
0.25,0.3,50,1,"AIV","18",0,"Perennial",18.4794227901588,16.3654155504446,21.2205998522687
0.5,0.3,50,1,"AIV","18",0,"Perennial",10.3136941771557,9.74833848543262,10.9486627746946
0.75,0.3,50,1,"AIV","18",0,"Perennial",7.12499793462758,6.90626335209832,7.35804118609654
1,0.3,50,1,"AIV","18",0,"Perennial",5.7413693360156,5.45475640468833,6.05977200879547
0,0.1,5,1.5,"AIV","18",0,"Perennial",NA,NA,NA
0.25,0.1,5,1.5,"AIV","18",0,"Perennial",11.7341038432187,10.6941830997624,12.9980572704283
0.5,0.1,5,1.5,"AIV","18",0,"Perennial",6.43927211957836,6.23578197433317,6.65649112290439
0.75,0.1,5,1.5,"AIV","18",0,"Perennial",4.55031436687108,4.41271023624594,4.6967767088703
1,0.1,5,1.5,"AIV","18",0,"Perennial",3.83409559818402,3.72276338048074,3.95229205454509
0,0.1,50,1.5,"AIV","18",0,"Perennial",NA,NA,NA
0.25,0.1,50,1.5,"AIV","18",0,"Perennial",19.3457743482976,17.0460323412501,22.3628239871789
0.5,0.1,50,1.5,"AIV","18",0,"Perennial",10.3807685760382,9.98437393226742,10.8099394094278
0.75,0.1,50,1.5,"AIV","18",0,"Perennial",7.12598284409522,6.8937429882575,7.37441584720537
1,0.1,50,1.5,"AIV","18",0,"Perennial",5.76514983803712,5.53645923727452,6.01354717225355
0,0.3,5,1.5,"AIV","18",0,"Perennial",NA,NA,NA
0.25,0.3,5,1.5,"AIV","18",0,"Perennial",9.39439299360844,8.6455406859871,10.28527440299
0.5,0.3,5,1.5,"AIV","18",0,"Perennial",5.35702318152239,5.14510377249707,5.58714983058283
0.75,0.3,5,1.5,"AIV","18",0,"Perennial",3.87928561943171,3.79550079006246,3.96685301067087
1,0.3,5,1.5,"AIV","18",0,"Perennial",3.29596699656891,3.20824808900697,3.38861750790472
0,0.3,50,1.5,"AIV","18",0,"Perennial",NA,NA,NA
0.25,0.3,50,1.5,"AIV","18",0,"Perennial",15.2946516312763,13.911663951903,16.9829636529334
0.5,0.3,50,1.5,"AIV","18",0,"Perennial",8.54409862797051,8.20630874374081,8.91089066824131
0.75,0.3,50,1.5,"AIV","18",0,"Perennial",5.98574509048996,5.84116093692879,6.1376685912612
1,0.3,50,1.5,"AIV","18",0,"Perennial",4.85084134910636,4.65822925719697,5.06006902474205
0,0.1,5,1,"AIV","18",1,"Perennial",NA,NA,NA
0.25,0.1,5,1,"AIV","18",1,"Perennial",13.7774953908124,12.4540879272646,15.4156019098732
0.5,0.1,5,1,"AIV","18",1,"Perennial",7.58167602630716,7.32302936454443,7.85926223267148
0.75,0.1,5,1,"AIV","18",1,"Perennial",5.491148400375,5.3024152908651,5.69381283583048
1,0.1,5,1,"AIV","18",1,"Perennial",4.37665638829419,4.19921608416887,4.5697539857397
0,0.1,50,1,"AIV","18",1,"Perennial",NA,NA,NA
0.25,0.1,50,1,"AIV","18",1,"Perennial",23.7773502292756,20.3671940503205,28.5591097805984
0.5,0.1,50,1,"AIV","18",1,"Perennial",12.6524825565924,12.0248398763783,13.3492536948381
0.75,0.1,50,1,"AIV","18",1,"Perennial",9.00157751185828,8.68117184069746,9.34654069175224
1,0.1,50,1,"AIV","18",1,"Perennial",6.97157229605416,6.73804958024237,7.22186267535224
0,0.3,5,1,"AIV","18",1,"Perennial",NA,NA,NA
0.25,0.3,5,1,"AIV","18",1,"Perennial",11.5826489223068,10.5661956235164,12.8154802705754
0.5,0.3,5,1,"AIV","18",1,"Perennial",6.33621112467266,6.10103913934228,6.59023995119365
0.75,0.3,5,1,"AIV","18",1,"Perennial",4.61464584200708,4.48304423765049,4.75420755694249
1,0.3,5,1,"AIV","18",1,"Perennial",3.67733885913723,3.54955441482787,3.81466740743262
0,0.3,50,1,"AIV","18",1,"Perennial",NA,NA,NA
0.25,0.3,50,1,"AIV","18",1,"Perennial",22.2255187435975,19.2692541174406,26.2532608625263
0.5,0.3,50,1,"AIV","18",1,"Perennial",10.9116257414348,10.3837355449015,11.4960647269855
0.75,0.3,50,1,"AIV","18",1,"Perennial",7.64976893639865,7.42820088534185,7.88496121457455
1,0.3,50,1,"AIV","18",1,"Perennial",5.84267226597559,5.64216009477574,6.05796125896322
0,0.1,5,1.5,"AIV","18",1,"Perennial",NA,NA,NA
0.25,0.1,5,1.5,"AIV","18",1,"Perennial",11.1736273845368,10.3871578787938,12.0889489599292
0.5,0.1,5,1.5,"AIV","18",1,"Perennial",6.4137936765678,6.23233602506847,6.60613466673462
0.75,0.1,5,1.5,"AIV","18",1,"Perennial",4.71228325666615,4.58139966832842,4.85086505949777
1,0.1,5,1.5,"AIV","18",1,"Perennial",3.79657860405933,3.67036377305033,3.93178300284729
0,0.1,50,1.5,"AIV","18",1,"Perennial",NA,NA,NA
0.25,0.1,50,1.5,"AIV","18",1,"Perennial",18.8269327080343,16.9802689535451,21.1242712326513
0.5,0.1,50,1.5,"AIV","18",1,"Perennial",10.4515510471325,10.0974182300982,10.8314267315433
0.75,0.1,50,1.5,"AIV","18",1,"Perennial",7.54916331740559,7.34786999755332,7.7617960526016
1,0.1,50,1.5,"AIV","18",1,"Perennial",5.93140513311134,5.75960722916898,6.11376693359388
0,0.3,5,1.5,"AIV","18",1,"Perennial",NA,NA,NA
0.25,0.3,5,1.5,"AIV","18",1,"Perennial",9.2613193183995,8.67915674627993,9.9271952421869
0.5,0.3,5,1.5,"AIV","18",1,"Perennial",5.3482783041846,5.19518357522633,5.51066997207014
0.75,0.3,5,1.5,"AIV","18",1,"Perennial",3.97065703575467,3.8829239569932,4.0624463495546
1,0.3,5,1.5,"AIV","18",1,"Perennial",3.20965829145719,3.12100267395479,3.30349789243404
0,0.3,50,1.5,"AIV","18",1,"Perennial",NA,NA,NA
0.25,0.3,50,1.5,"AIV","18",1,"Perennial",16.7717497706882,15.3205807550083,18.5265930231201
0.5,0.3,50,1.5,"AIV","18",1,"Perennial",8.89939926559913,8.60331342974185,9.21659125780147
0.75,0.3,50,1.5,"AIV","18",1,"Perennial",6.39918041511916,6.26250791137469,6.54195147425625
1,0.3,50,1.5,"AIV","18",1,"Perennial",4.99056759287574,4.85406485359473,5.1349697502798
0,0.1,5,1,"AIV","0.75",0,"Perennial",NA,NA,NA
0.25,0.1,5,1,"AIV","0.75",0,"Perennial",6.00418836781793,5.15821527259222,7.18208645631145
0.5,0.1,5,1,"AIV","0.75",0,"Perennial",2.93322623667908,2.67173166518411,3.25146162516701
0.75,0.1,5,1,"AIV","0.75",0,"Perennial",1.82313804729492,1.69539891063054,1.97169456705063
1,0.1,5,1,"AIV","0.75",0,"Perennial",1.39496640247263,1.28736939992788,1.52218941929318
0,0.1,50,1,"AIV","0.75",0,"Perennial",NA,NA,NA
0.25,0.1,50,1,"AIV","0.75",0,"Perennial",6.38230222903367,5.13824482927239,8.42122574241448
0.5,0.1,50,1,"AIV","0.75",0,"Perennial",3.11087149052157,2.79826296773473,3.50211048321752
0.75,0.1,50,1,"AIV","0.75",0,"Perennial",1.92617416312152,1.78087780656713,2.09728523068015
1,0.1,50,1,"AIV","0.75",0,"Perennial",1.45705330877656,1.35227810504628,1.57942822037948
0,0.3,5,1,"AIV","0.75",0,"Perennial",NA,NA,NA
0.25,0.3,5,1,"AIV","0.75",0,"Perennial",4.91845598054271,4.19415290036951,5.94514387800387
0.5,0.3,5,1,"AIV","0.75",0,"Perennial",2.49638821148511,2.30361557952922,2.72437074636051
0.75,0.3,5,1,"AIV","0.75",0,"Perennial",1.58674915536025,1.50397005761113,1.67917140342158
1,0.3,5,1,"AIV","0.75",0,"Perennial",1.25039957944829,1.16639005821,1.34744998495532
0,0.3,50,1,"AIV","0.75",0,"Perennial",NA,NA,NA
0.25,0.3,50,1,"AIV","0.75",0,"Perennial",5.89168853436927,4.85888358069789,7.4820806033672
0.5,0.3,50,1,"AIV","0.75",0,"Perennial",2.80430167749504,2.56585272485046,3.09161013934581
0.75,0.3,50,1,"AIV","0.75",0,"Perennial",1.74520071092045,1.64452912795959,1.85900144255009
1,0.3,50,1,"AIV","0.75",0,"Perennial",1.34639878069949,1.26503557912675,1.43894746010495
0,0.1,5,1.5,"AIV","0.75",0,"Perennial",NA,NA,NA
0.25,0.1,5,1.5,"AIV","0.75",0,"Perennial",4.12619496475799,3.74473728164009,4.59418126361965
0.5,0.1,5,1.5,"AIV","0.75",0,"Perennial",2.19853572540243,2.05039870684419,2.36974483378138
0.75,0.1,5,1.5,"AIV","0.75",0,"Perennial",1.42171050324136,1.3500312502129,1.50142809833216
1,0.1,5,1.5,"AIV","0.75",0,"Perennial",1.11722997864748,1.0504633655576,1.19305991458012
0,0.1,50,1.5,"AIV","0.75",0,"Perennial",NA,NA,NA
0.25,0.1,50,1.5,"AIV","0.75",0,"Perennial",4.41708766026421,3.89682438996587,5.09767610213722
0.5,0.1,50,1.5,"AIV","0.75",0,"Perennial",2.3419736126628,2.18977984216314,2.51690305465238
0.75,0.1,50,1.5,"AIV","0.75",0,"Perennial",1.50593861443992,1.4285518717461,1.59218986646129
1,0.1,50,1.5,"AIV","0.75",0,"Perennial",1.16937857630013,1.10807641369351,1.23786080688482
0,0.3,5,1.5,"AIV","0.75",0,"Perennial",NA,NA,NA
0.25,0.3,5,1.5,"AIV","0.75",0,"Perennial",3.56907608250109,3.21072866579402,4.01746256470948
0.5,0.3,5,1.5,"AIV","0.75",0,"Perennial",1.92736202566548,1.81657623789823,2.05253819857092
0.75,0.3,5,1.5,"AIV","0.75",0,"Perennial",1.26143650845347,1.21192783366642,1.31516243802413
1,0.3,5,1.5,"AIV","0.75",0,"Perennial",1.01277109344218,0.958964857640071,1.0729742434234
0,0.3,50,1.5,"AIV","0.75",0,"Perennial",NA,NA,NA
0.25,0.3,50,1.5,"AIV","0.75",0,"Perennial",4.14099498858883,3.68453379609986,4.72654672260738
0.5,0.3,50,1.5,"AIV","0.75",0,"Perennial",2.13722768173051,2.0178303419719,2.27164343375315
0.75,0.3,50,1.5,"AIV","0.75",0,"Perennial",1.37561664428494,1.3207781762882,1.43520614039548
1,0.3,50,1.5,"AIV","0.75",0,"Perennial",1.08428690165815,1.03603088247299,1.13725784825065
0,0.1,5,1,"AIV","0.75",1,"Perennial",NA,NA,NA
0.25,0.1,5,1,"AIV","0.75",1,"Perennial",4.57130686486006,3.83312185990962,5.66162642186801
0.5,0.1,5,1,"AIV","0.75",1,"Perennial",2.30782291053827,2.03551971751319,2.66423265304476
0.75,0.1,5,1,"AIV","0.75",1,"Perennial",1.55407973141817,1.42466467256589,1.70935584018765
1,0.1,5,1,"AIV","0.75",1,"Perennial",1.2182539483218,1.13755544212349,1.31127625858719
0,0.1,50,1,"AIV","0.75",1,"Perennial",NA,NA,NA
0.25,0.1,50,1,"AIV","0.75",1,"Perennial",6.33571364960517,5.1152574008464,8.32104255654109
0.5,0.1,50,1,"AIV","0.75",1,"Perennial",2.92203182459632,2.60345332705288,3.32944867580907
0.75,0.1,50,1,"AIV","0.75",1,"Perennial",1.82689193288034,1.69999507264163,1.97426153030925
1,0.1,50,1,"AIV","0.75",1,"Perennial",1.35676021618892,1.25723827775592,1.47339276435082
0,0.3,5,1,"AIV","0.75",1,"Perennial",NA,NA,NA
0.25,0.3,5,1,"AIV","0.75",1,"Perennial",4.6444241468554,3.63367287081037,6.434167935727
0.5,0.3,5,1,"AIV","0.75",1,"Perennial",2.3807325038994,2.14999450335586,2.66695034761848
0.75,0.3,5,1,"AIV","0.75",1,"Perennial",1.50150891539122,1.4155936147898,1.59852680945253
1,0.3,5,1,"AIV","0.75",1,"Perennial",1.12458730946469,1.06081974256042,1.19651152591685
0,0.3,50,1,"AIV","0.75",1,"Perennial",NA,NA,NA
0.25,0.3,50,1,"AIV","0.75",1,"Perennial",6.70052907010273,5.19564015959779,9.43264272706947
0.5,0.3,50,1,"AIV","0.75",1,"Perennial",3.06193375908143,2.76154383395843,3.43565035166027
0.75,0.3,50,1,"AIV","0.75",1,"Perennial",1.73909959634065,1.65291333944022,1.83476813124761
1,0.3,50,1,"AIV","0.75",1,"Perennial",1.22493229590638,1.15325006537317,1.3061161813681
0,0.1,5,1.5,"AIV","0.75",1,"Perennial",NA,NA,NA
0.25,0.1,5,1.5,"AIV","0.75",1,"Perennial",3.65800013503153,3.15065732953547,4.36009594471815
0.5,0.1,5,1.5,"AIV","0.75",1,"Perennial",1.8903438192708,1.72365779517765,2.09271993247664
0.75,0.1,5,1.5,"AIV","0.75",1,"Perennial",1.30143489419259,1.2206021712862,1.39373296932744
1,0.1,5,1.5,"AIV","0.75",1,"Perennial",1.0438226007772,0.989905047397625,1.1039519947658
0,0.1,50,1.5,"AIV","0.75",1,"Perennial",NA,NA,NA
0.25,0.1,50,1.5,"AIV","0.75",1,"Perennial",4.56685763811838,3.91651001516714,5.4761954641816
0.5,0.1,50,1.5,"AIV","0.75",1,"Perennial",2.226351915354,2.05667884806109,2.42653781949987
0.75,0.1,50,1.5,"AIV","0.75",1,"Perennial",1.45787503793332,1.38390589629729,1.54019791709889
1,0.1,50,1.5,"AIV","0.75",1,"Perennial",1.12619019853049,1.06080322855828,1.20016745584283
0,0.3,5,1.5,"AIV","0.75",1,"Perennial",NA,NA,NA
0.25,0.3,5,1.5,"AIV","0.75",1,"Perennial",3.5775267301317,2.98893430350448,4.45477890812203
0.5,0.3,5,1.5,"AIV","0.75",1,"Perennial",1.87988771528002,1.76105883960298,2.01591308840851
0.75,0.3,5,1.5,"AIV","0.75",1,"Perennial",1.23924845968505,1.19047504165123,1.29218907211974
1,0.3,5,1.5,"AIV","0.75",1,"Perennial",0.963745074309256,0.925278808939181,1.00554835511117
0,0.3,50,1.5,"AIV","0.75",1,"Perennial",NA,NA,NA
0.25,0.3,50,1.5,"AIV","0.75",1,"Perennial",4.56431627278193,3.87474193820595,5.55247003681335
0.5,0.3,50,1.5,"AIV","0.75",1,"Perennial",2.22381121739902,2.08721689286035,2.37953585427918
0.75,0.3,50,1.5,"AIV","0.75",1,"Perennial",1.37087177555041,1.32900619997022,1.41546079313134
1,0.3,50,1.5,"AIV","0.75",1,"Perennial",1.02265189624657,0.98110791150079,1.06786971865132
