"Survey","nEPIVaccinations_2","nMassVaccinations_4","nMassVaccinations_7","simulatedEIR"
1,0,0,0,0
2,0,0,0,0.289902
3,0,0,0,0.248706
4,0,0,0,0.21623
5,0,0,0,0.190373
6,0,0,0,0.169694
7,0,0,0,0.153081
8,0,0,0,0.139713
9,0,0,0,0.129083
10,0,0,0,0.120609
11,0,0,0,0.113923
12,0,0,0,0.108545
13,0,0,0,0.10421
14,0,0,0,0.100839
15,0,0,0,0.0983688
16,0,0,0,0.0965332
17,0,0,0,0.0950282
18,0,0,0,0.0939463
19,0,0,0,0.093673
20,0,0,0,0.0949621
21,0,0,0,0.0979747
22,0,0,0,0.102906
23,0,0,0,0.110065
24,0,0,0,0.119818
25,0,0,0,0.133032
26,0,0,0,0.150939
27,0,0,0,0.175115
28,0,0,0,0.207472
29,0,0,0,0.249095
30,0,0,0,0.303204
31,0,0,0,0.375555
32,0,0,0,0.471051
33,0,0,0,0.598272
34,0,0,0,0.77189
35,0,0,0,1.00673
36,0,0,0,1.31775
37,0,0,0,1.72854
38,0,0,0,2.26057
39,0,0,0,2.93281
40,0,0,0,3.7544
41,0,0,0,4.72773
42,0,0,0,5.84721
43,0,0,0,7.07628
44,0,0,0,8.33425
45,0,0,0,9.53659
46,0,0,0,10.6191
47,0,0,0,11.5227
48,0,0,0,12.1819
49,0,0,0,12.5735
50,0,0,0,12.6939
51,0,0,0,12.5342
52,0,0,0,12.1414
53,0,0,0,11.5611
54,0,0,0,10.8196
55,0,0,0,9.96056
56,0,0,0,9.01359
57,0,0,0,8.01677
58,0,0,0,7.0102
59,0,0,0,6.03473
60,0,0,0,5.12328
61,0,0,0,4.29667
62,0,0,0,3.56991
63,0,0,0,2.94389
64,0,0,0,2.41184
65,0,0,0,1.96732
66,0,0,0,1.60111
67,0,0,0,1.30259
68,0,0,0,1.06155
69,0,0,0,0.868092
70,0,0,0,0.713386
71,0,0,0,0.590224
72,0,0,0,0.492287
73,0,0,0,0.414573
74,0,0,0,0.352717
75,0,0,0,0.303553
76,0,0,0,0.264336
77,0,0,0,0.232928
78,0,0,0,0.207683
79,0,0,0,0.187008
80,0,0,0,0.169888
81,0,0,0,0.155598
82,0,0,0,0.143937
83,0,0,0,0.134591
84,0,0,0,0.12685
85,0,0,0,0.120109
86,0,0,0,0.114073
87,0,0,0,0.10874
88,0,0,0,0.104346
89,0,0,0,0.101073
90,0,0,0,0.0990113
91,0,0,0,0.0980469
92,0,0,0,0.0982406
93,0,0,0,0.0997708
94,0,0,0,0.103035
95,0,0,0,0.108345
96,0,0,0,0.116007
97,0,0,0,0.126533
98,0,0,0,0.140757
99,0,0,0,0.159485
100,0,0,0,0.184319
101,0,0,0,0.217098
102,0,0,0,0.260255
103,0,0,0,0.317922
104,0,0,0,0.395463
105,0,0,0,0.49816
106,0,0,0,0.633646
107,0,0,0,0.814465
108,0,0,0,1.05694
109,0,0,0,1.37978
110,0,0,0,1.80663
111,0,0,0,2.36112
112,0,0,0,3.06269
113,0,0,0,3.92789
114,0,0,0,4.9486
115,0,0,0,6.09234
116,0,0,0,7.31055
117,0,0,0,8.5564
118,0,0,0,9.7688
119,0,0,0,10.878
120,0,0,0,11.7964
121,0,0,0,12.4669
122,0,0,0,12.862
123,0,0,0,12.9873
124,0,0,0,12.8447
125,0,0,0,12.4542
126,0,0,0,11.8575
127,0,0,0,11.0854
128,0,0,0,10.1722
129,0,0,0,9.17274
130,0,0,0,8.14103
131,0,0,0,7.12193
132,0,0,0,6.13864
133,0,0,0,5.21166
134,0,0,0,4.36762
135,0,0,0,3.62304
136,0,0,0,2.9829
137,0,0,0,2.44266
138,0,0,0,1.99331
139,0,0,0,1.62307
140,0,0,0,1.31984
141,0,0,0,1.07397
142,0,0,0,0.876536
143,0,0,0,0.71935
144,0,0,0,0.594596
145,0,0,0,0.495325
146,0,0,0,0.416724
147,0,0,0,0.35458
148,0,0,0,0.305361
149,0,0,0,0.265891
150,0,0,0,0.234134
151,0,0,0,0.208726
152,0,0,0,0.188237
153,0,0,0,0.171575
154,0,0,0,0.157885
155,0,0,0,0.146318
156,0,0,0,0.13629
157,0,0,0,0.127702
158,0,0,0,0.120313
159,0,0,0,0.113927
160,0,0,0,0.108632
161,0,0,0,0.104606
162,0,0,0,0.1019
163,0,0,0,0.100502
164,0,0,0,0.100322
165,0,0,0,0.101212
166,0,0,0,0.103276
167,0,0,0,0.106542
168,0,0,0,0.111329
169,0,0,0,0.118247
170,0,0,0,0.128359
171,0,0,0,0.142245
172,0,0,0,0.160621
173,0,0,0,0.185447
174,0,0,0,0.218977
175,0,0,0,0.263867
176,0,0,0,0.323891
177,0,0,0,0.402957
178,0,0,0,0.507103
179,0,0,0,0.644063
180,0,0,0,0.826069
181,0,0,0,1.06846
182,0,0,0,1.38794
183,0,0,0,1.80939
184,0,0,0,2.35958
185,0,0,0,3.05799
186,0,0,0,3.92371
187,0,0,0,4.95076
188,0,0,0,6.10522
189,0,0,0,7.34631
190,0,0,0,8.62688
191,0,0,0,9.8633
192,0,0,0,10.9576
193,0,0,0,11.8489
194,0,0,0,12.4791
195,0,0,0,12.852
196,0,0,0,12.9783
197,0,0,0,12.8548
198,0,0,0,12.4864
199,0,0,0,11.8949
200,0,0,0,11.1296
201,0,0,0,10.2345
202,0,0,0,9.25342
203,0,0,0,8.22155
204,0,0,0,7.18476
205,0,0,0,6.18334
206,0,0,0,5.24823
207,0,0,0,4.40017
208,0,0,0,3.65349
209,0,0,0,3.00768
210,0,0,0,2.45958
211,0,0,0,2.00414
212,0,0,0,1.63101
213,0,0,0,1.32817
214,0,0,0,1.08339
215,0,0,0,0.885888
216,0,0,0,0.727654
217,0,0,0,0.601284
218,0,0,0,0.50045
219,0,0,0,0.420365
220,0,0,0,0.357247
221,0,0,0,0.307391
222,0,0,0,0.267906
223,0,0,0,0.236439
224,0,0,0,0.211043
225,0,0,0,0.190193
226,0,0,0,0.172872
227,0,0,0,0.158433
228,0,0,0,0.146481
229,0,0,0,0.136526
230,0,0,0,0.128186
231,0,0,0,0.121245
232,0,0,0,0.11552
233,0,0,0,0.110841
234,0,0,0,0.107227
235,0,0,0,0.104559
236,0,0,0,0.102638
237,0,0,0,0.101508
238,0,0,0,0.101434
239,0,0,0,0.102681
240,0,0,0,0.105384
241,0,0,0,0.109973
242,0,0,0,0.11682
243,0,0,0,0.126386
244,0,0,0,0.139567
245,0,0,0,0.1581
246,0,0,0,0.183428
247,0,0,0,0.21741
248,0,0,0,0.262588
249,0,0,0,0.320894
250,0,0,0,0.398056
251,0,0,0,0.501787
252,0,0,0,0.643119
253,0,0,0,0.833365
254,0,0,0,1.08517
255,0,0,0,1.41364
256,0,0,0,1.8348
257,0,0,0,2.37398
258,0,0,0,3.05167
259,0,0,0,3.89347
260,0,0,0,4.91369
261,0,0,0,6.08388
262,0,0,0,7.34796
263,0,0,0,8.63862
264,0,0,0,9.88388
265,0,0,0,11.0009
266,0,0,0,11.9106
267,0,0,0,12.5517
268,0,0,0,12.9171
269,0,0,0,13.0212
270,0,0,0,12.8652
271,0,0,0,12.473
272,0,0,0,11.8836
273,0,0,0,11.1317
274,0,0,0,10.2544
275,0,0,0,9.28944
276,0,0,0,8.26683
277,0,0,0,7.22579
278,0,0,0,6.21342
279,0,0,0,5.26688
280,0,0,0,4.41079
281,0,0,0,3.65503
282,0,0,0,3.00226
283,0,0,0,2.45182
284,0,0,0,1.99552
285,0,0,0,1.6217
286,0,0,0,1.31841
287,0,0,0,1.07482
288,0,0,0,0.879432
289,0,0,0,0.722492
290,0,0,0,0.596915
291,0,0,0,0.496723
292,0,0,0,0.417216
293,0,0,0,0.354627
294,0,0,0,0.305321
295,0,0,0,0.266159
296,0,0,0,0.23475
297,0,0,0,0.209426
298,0,0,0,0.188962
299,0,0,0,0.172295
300,0,0,0,0.158545
301,0,0,0,0.146936
302,0,0,0,0.137147
303,0,0,0,0.128996
304,0,0,0,0.122047
305,0,0,0,0.11613
306,0,0,0,0.11101
307,0,0,0,0.106603
308,0,0,0,0.10298
309,0,0,0,0.10044
310,0,0,0,0.0992172
311,0,0,0,0.0992399
312,0,0,0,0.100656
313,0,0,0,0.10368
314,0,0,0,0.108684
315,0,0,0,0.116344
316,0,0,0,0.127413
317,0,0,0,0.142321
318,0,0,0,0.161815
319,0,0,0,0.187426
320,0,0,0,0.221399
321,0,0,0,0.265708
322,0,0,0,0.323849
323,0,0,0,0.401448
324,0,0,0,0.504906
325,0,0,0,0.641464
326,0,0,0,0.82213
327,0,0,0,1.06273
328,0,0,0,1.38721
329,0,0,0,1.82408
330,0,0,0,2.39544
331,0,0,0,3.11736
332,0,0,0,3.99806
333,0,0,0,5.03367
334,0,0,0,6.1987
335,0,0,0,7.45236
336,0,0,0,8.73706
337,0,0,0,9.97772
338,0,0,0,11.1031
339,0,0,0,12.0384
340,0,0,0,12.7103
341,0,0,0,13.0868
342,0,0,0,13.1806
343,0,0,0,13.0137
344,0,0,0,12.6097
345,0,0,0,12.0003
346,0,0,0,11.2201
347,0,0,0,10.3102
348,0,0,0,9.31273
349,0,0,0,8.26892
350,0,0,0,7.22081
351,0,0,0,6.21207
352,0,0,0,5.27392
353,0,0,0,4.42511
354,0,0,0,3.67678
355,0,0,0,3.02922
356,0,0,0,2.47959
357,0,0,0,2.02169
358,0,0,0,1.64554
359,0,0,0,1.33905
360,0,0,0,1.09142
361,0,0,0,0.892612
362,0,0,0,0.733554
363,0,0,0,0.606757
364,0,0,0,0.505821
365,0,0,0,0.425391
366,0,0,0,0.361607
367,0,0,0,0.311233
368,0,0,0,0.271395
369,0,0,0,0.239555
370,0,0,0,0.213509
371,0,0,0,0.192162
372,0,0,0,0.174852
373,0,0,0,0.16079
374,0,0,0,0.148982
375,0,0,0,0.138772
376,0,0,0,0.129846
377,0,0,0,0.122372
378,0,0,0,0.116159
379,0,0,0,0.110889
380,0,0,0,0.106614
381,0,0,0,0.103426
382,0,0,0,0.101215
383,0,0,0,0.100095
384,0,0,0,0.10056
385,0,0,0,0.102824
386,0,0,0,0.106655
387,0,0,0,0.11212
388,0,0,0,0.119551
389,0,0,0,0.12974
390,0,0,0,0.143793
391,0,0,0,0.162554
392,0,0,0,0.187612
393,0,0,0,0.22071
394,0,0,0,0.264166
395,0,0,0,0.322708
396,0,0,0,0.401584
397,0,0,0,0.507342
398,0,0,0,0.649617
399,0,0,0,0.841454
400,0,0,0,1.09904
401,0,0,0,1.43719
402,0,0,0,1.87474
403,0,0,0,2.43631
404,0,0,0,3.13756
405,0,0,0,3.99747
406,0,0,0,5.02113
407,0,0,0,6.17893
408,0,0,0,7.43615
409,0,0,0,8.73772
410,0,0,0,10.0072
411,0,0,0,11.1398
412,0,0,0,12.0697
413,0,0,0,12.7639
414,0,0,0,13.1761
415,0,0,0,13.2974
416,0,0,0,13.1424
417,0,0,0,12.7345
418,0,0,0,12.1033
419,0,0,0,11.2991
420,0,0,0,10.3741
421,0,0,0,9.36328
422,0,0,0,8.30669
423,0,0,0,7.25029
424,0,0,0,6.23016
425,0,0,0,5.28073
426,0,0,0,4.42707
427,0,0,0,3.67669
428,0,0,0,3.02875
429,0,0,0,2.48032
430,0,0,0,2.02289
431,0,0,0,1.64561
432,0,0,0,1.33821
433,0,0,0,1.08988
434,0,0,0,0.891007
435,0,0,0,0.732282
436,0,0,0,0.605416
437,0,0,0,0.504221
438,0,0,0,0.423822
439,0,0,0,0.360072
440,0,0,0,0.309508
441,0,0,0,0.269382
442,0,0,0,0.237391
443,0,0,0,0.211899
444,0,0,0,0.191261
445,0,0,0,0.174081
446,0,0,0,0.159619
447,0,0,0,0.147557
448,0,0,0,0.137476
449,0,0,0,0.128881
450,0,0,0,0.121616
451,0,0,0,0.115712
452,0,0,0,0.110969
453,0,0,0,0.107175
454,0,0,0,0.104248
455,0,0,0,0.102135
456,0,0,0,0.101071
457,0,0,0,0.101124
458,0,0,0,0.102621
459,0,0,0,0.106008
460,0,0,0,0.11136
461,0,0,0,0.119375
462,0,0,0,0.131204
463,0,0,0,0.147393
464,0,0,0,0.168454
465,0,0,0,0.195343
466,0,0,0,0.230159
467,0,0,0,0.276235
468,0,0,0,0.337064
469,0,0,0,0.41734
470,0,0,0,0.523731
471,0,0,0,0.665481
472,0,0,0,0.853225
473,0,0,0,1.10314
474,0,0,0,1.44052
475,0,0,0,1.8901
476,0,0,0,2.47708
477,0,0,0,3.21794
478,0,0,0,4.11434
479,0,0,0,5.15789
480,0,0,0,6.31776
481,0,0,0,7.58229
482,0,0,0,8.90898
483,0,0,0,10.1855
484,0,0,0,11.2986
485,0,0,0,12.177
486,0,0,0,12.7886
487,0,0,0,13.1425
488,0,0,0,13.2323
489,0,0,0,13.0726
490,0,0,0,12.6935
491,0,0,0,12.117
492,0,0,0,11.368
493,0,0,0,10.4684
494,0,0,0,9.45939
495,0,0,0,8.39149
496,0,0,0,7.31352
497,0,0,0,6.27558
498,0,0,0,5.31516
499,0,0,0,4.45164
500,0,0,0,3.6937
501,0,0,0,3.04257
502,0,0,0,2.4933
503,0,0,0,2.03549
504,0,0,0,1.65787
505,0,0,0,1.34984
506,0,0,0,1.09996
507,0,0,0,0.898273
508,0,0,0,0.736548
509,0,0,0,0.607838
510,0,0,0,0.505789
511,0,0,0,0.424812
512,0,0,0,0.360464
513,0,0,0,0.308952
514,0,0,0,0.267872
515,0,0,0,0.235503
516,0,0,0,0.209938
517,0,0,0,0.189413
518,0,0,0,0.172805
519,0,0,0,0.159147
520,0,0,0,0.147704
521,0,0,0,0.137932
522,0,0,0,0.129501
523,0,0,0,0.122364
524,0,0,0,0.116579
525,0,0,0,0.111908
526,0,0,0,0.108104
527,0,0,0,0.105205
528,0,0,0,0.103203
529,0,0,0,0.102225
530,0,0,0,0.102514
531,0,0,0,0.104353
532,0,0,0,0.108033
533,0,0,0,0.113561
534,0,0,0,0.121155
535,0,0,0,0.1316
536,0,0,0,0.145868
537,0,0,0,0.164364
538,0,0,0,0.188891
539,0,0,0,0.22391
540,0,0,0,0.27237
541,0,0,0,0.33495
542,0,0,0,0.41454
543,0,0,0,0.518454
544,0,0,0,0.658327
545,0,0,0,0.848552
546,0,0,0,1.10324
547,0,0,0,1.44173
548,0,0,0,1.88329
549,0,0,0,2.44503
550,0,0,0,3.1536
551,0,0,0,4.02022
552,0,0,0,5.0389
553,0,0,0,6.18532
554,0,0,0,7.44318
555,0,0,0,8.75376
556,0,0,0,10.0247
557,0,0,0,11.1791
558,0,0,0,12.1327
559,0,0,0,12.8345
560,0,0,0,13.2364
561,0,0,0,13.3482
562,0,0,0,13.2032
563,0,0,0,12.8218
564,0,0,0,12.2191
565,0,0,0,11.4201
566,0,0,0,10.482
567,0,0,0,9.44901
568,0,0,0,8.36966
569,0,0,0,7.29467
570,0,0,0,6.263
571,0,0,0,5.30668
572,0,0,0,4.44626
573,0,0,0,3.69084
574,0,0,0,3.04279
575,0,0,0,2.49439
576,0,0,0,2.03473
577,0,0,0,1.65505
578,0,0,0,1.34549
579,0,0,0,1.09565
580,0,0,0,0.895055
581,0,0,0,0.734413
582,0,0,0,0.606372
583,0,0,0,0.504215
584,0,0,0,0.422898
585,0,0,0,0.358447
586,0,0,0,0.307691
587,0,0,0,0.267888
588,0,0,0,0.23639
589,0,0,0,0.211446
590,0,0,0,0.191496
591,0,0,0,0.175125
592,0,0,0,0.161595
593,0,0,0,0.150338
594,0,0,0,0.14065
595,0,0,0,0.132133
596,0,0,0,0.124516
597,0,0,0,0.117812
598,0,0,0,0.112283
599,0,0,0,0.107984
600,0,0,0,0.104809
601,0,0,0,0.102623
602,0,0,0,0.101417
603,0,0,0,0.101522
604,0,0,0,0.103345
605,0,0,0,0.107228
606,0,0,0,0.113272
607,0,0,0,0.121379
608,0,0,0,0.131993
609,0,0,0,0.146281
610,0,0,0,0.165514
611,0,0,0,0.190727
612,0,0,0,0.223788
613,0,0,0,0.267512
614,0,0,0,0.326919
615,0,0,0,0.407208
616,0,0,0,0.51439
617,0,0,0,0.657648
618,0,0,0,0.849918
619,0,0,0,1.10727
620,0,0,0,1.44325
621,0,0,0,1.88127
622,0,0,0,2.44335
623,0,0,0,3.14822
624,0,0,0,4.01887
625,0,0,0,5.06336
626,0,0,0,6.2615
627,0,0,0,7.55174
628,0,0,0,8.84932
629,0,0,0,10.0738
630,0,0,0,11.1613
631,0,0,0,12.0533
632,0,0,0,12.7049
633,0,0,0,13.0936
634,0,0,0,13.2131
635,0,0,0,13.0646
636,0,0,0,12.6687
637,0,0,0,12.0596
638,0,0,0,11.2748
639,0,0,0,10.3608
640,0,0,0,9.36235
641,0,0,0,8.31849
642,0,0,0,7.27059
643,0,0,0,6.25393
644,0,0,0,5.30239
645,0,0,0,4.44172
646,0,0,0,3.68422
647,0,0,0,3.03256
648,0,0,0,2.48275
649,0,0,0,2.02499
650,0,0,0,1.64856
651,0,0,0,1.3423
652,0,0,0,1.09484
653,0,0,0,0.895835
654,0,0,0,0.736305
655,0,0,0,0.608899
656,0,0,0,0.507753
657,0,0,0,0.42763
658,0,0,0,0.363779
659,0,0,0,0.312756
660,0,0,0,0.27195
661,0,0,0,0.239518
662,0,0,0,0.213536
663,0,0,0,0.192614
664,0,0,0,0.175545
665,0,0,0,0.161481
666,0,0,0,0.149663
667,0,0,0,0.1397
668,0,0,0,0.13126
669,0,0,0,0.124081
670,0,0,0,0.117862
671,0,0,0,0.112694
672,0,0,0,0.108808
673,0,0,0,0.106278
674,0,0,0,0.104626
675,0,0,0,0.103553
676,0,0,0,0.103424
677,0,0,0,0.104725
678,0,0,0,0.107892
679,0,0,0,0.113239
680,0,0,0,0.121113
681,0,0,0,0.131688
682,0,0,0,0.146078
683,0,0,0,0.166254
684,0,0,0,0.193682
685,0,0,0,0.229641
686,0,0,0,0.275799
687,0,0,0,0.337001
688,0,0,0,0.419379
689,0,0,0,0.530737
690,0,0,0,0.679177
691,0,0,0,0.874168
692,0,0,0,1.12839
693,0,0,0,1.46045
694,0,0,0,1.89748
695,0,0,0,2.46071
696,0,0,0,3.1799
697,0,0,0,4.07557
698,0,0,0,5.13791
699,0,0,0,6.34447
700,0,0,0,7.63676
701,0,0,0,8.94676
702,0,0,0,10.2108
703,0,0,0,11.3577
704,0,0,0,12.3009
705,0,0,0,12.9751
706,0,0,0,13.3745
707,0,0,0,13.4794
708,0,0,0,13.3028
709,0,0,0,12.8902
710,0,0,0,12.2663
711,0,0,0,11.4655
712,0,0,0,10.5218
713,0,0,0,9.48893
714,0,0,0,8.41291
715,0,0,0,7.33834
716,0,0,0,6.30499
717,0,0,0,5.34494
718,0,0,0,4.48094
719,0,0,0,3.72115
720,0,0,0,3.0658
721,0,0,0,2.51095
722,0,0,0,2.04743
723,0,0,0,1.66516
724,0,0,0,1.35331
725,0,0,0,1.1012
726,0,0,0,0.898684
727,0,0,0,0.736896
728,0,0,0,0.608104
729,0,0,0,0.506168
730,0,0,0,0.425954
731,0,0,0,0.362631
732,0,0,0,0.312271
733,0,0,0,0.272226
734,0,0,0,0.24023
735,0,0,0,0.214528
736,0,0,0,0.193743
737,0,0,0,0.176681
738,0,0,0,0.162396
739,0,0,0,0.150132
740,0,0,0,0.139415
741,0,0,0,0.130285
742,0,0,0,0.122574
743,0,0,0,0.116045
744,0,0,0,0.110704
745,0,0,0,0.10663
746,0,0,0,0.103713
747,0,0,0,0.101722
748,0,0,0,0.100709
749,0,0,0,0.100987
750,0,0,0,0.10284
751,0,0,0,0.10655
752,0,0,0,0.112366
753,0,0,0,0.120596
754,0,0,0,0.131554
755,0,0,0,0.146136
756,0,0,0,0.165318
757,0,0,0,0.19018
758,0,0,0,0.222203
759,0,0,0,0.264831
760,0,0,0,0.323619
761,0,0,0,0.403902
762,0,0,0,0.511676
763,0,0,0,0.655757
764,0,0,0,0.847859
765,0,0,0,1.10217
766,0,0,0,1.44499
767,0,0,0,1.89321
768,0,0,0,2.46169
769,0,0,0,3.17473
770,0,0,0,4.03736
771,0,0,0,5.05083
772,0,0,0,6.19904
773,0,0,0,7.43718
774,0,0,0,8.71579
775,0,0,0,9.97122
776,0,0,0,11.1185
777,0,0,0,12.0634
778,0,0,0,12.7442
779,0,0,0,13.1471
780,0,0,0,13.2745
781,0,0,0,13.1409
782,0,0,0,12.7595
783,0,0,0,12.1454
784,0,0,0,11.3519
785,0,0,0,10.427
786,0,0,0,9.41143
787,0,0,0,8.34758
788,0,0,0,7.28016
789,0,0,0,6.25684
790,0,0,0,5.30562
791,0,0,0,4.45002
792,0,0,0,3.6975
793,0,0,0,3.04593
794,0,0,0,2.49319
795,0,0,0,2.03266
796,0,0,0,1.65433
797,0,0,0,1.34624
798,0,0,0,1.09698
799,0,0,0,0.895728
800,0,0,0,0.734854
801,0,0,0,0.606768
802,0,0,0,0.504997
803,0,0,0,0.424263
804,0,0,0,0.360341
805,0,0,0,0.309914
806,0,0,0,0.26993
807,0,0,0,0.238178
808,0,0,0,0.212594
809,0,0,0,0.191699
810,0,0,0,0.174707
811,0,0,0,0.160894
812,0,0,0,0.149345
813,0,0,0,0.139341
814,0,0,0,0.130641
815,0,0,0,0.123272
816,0,0,0,0.117069
817,0,0,0,0.111745
818,0,0,0,0.107374
819,0,0,0,0.104237
820,0,0,0,0.102424
821,0,0,0,0.101931
822,0,0,0,0.102686
823,0,0,0,0.10462
824,0,0,0,0.10827
825,0,0,0,0.113715
826,0,0,0,0.121286
827,0,0,0,0.131871
828,0,0,0,0.14642
829,0,0,0,0.165902
830,0,0,0,0.191546
831,0,0,0,0.225244
832,0,0,0,0.269965
833,0,0,0,0.330298
834,0,0,0,0.40984
835,0,0,0,0.513722
836,0,0,0,0.653312
837,0,0,0,0.842671
838,0,0,0,1.09626
839,0,0,0,1.43571
840,0,0,0,1.87418
841,0,0,0,2.43002
842,0,0,0,3.14295
843,0,0,0,4.02204
844,0,0,0,5.06507
845,0,0,0,6.2575
846,0,0,0,7.54216
847,0,0,0,8.8429
848,0,0,0,10.0743
849,0,0,0,11.1746
850,0,0,0,12.0915
851,0,0,0,12.7561
852,0,0,0,13.1419
853,0,0,0,13.2427
854,0,0,0,13.0714
855,0,0,0,12.6693
856,0,0,0,12.093
857,0,0,0,11.3486
858,0,0,0,10.4482
859,0,0,0,9.44218
860,0,0,0,8.38256
861,0,0,0,7.31716
862,0,0,0,6.29139
863,0,0,0,5.33485
864,0,0,0,4.4653
865,0,0,0,3.69874
866,0,0,0,3.04137
867,0,0,0,2.48731
868,0,0,0,2.02658
869,0,0,0,1.6486
870,0,0,0,1.34234
871,0,0,0,1.0957
872,0,0,0,0.897581
873,0,0,0,0.738841
874,0,0,0,0.611418
875,0,0,0,0.509351
876,0,0,0,0.427608
877,0,0,0,0.362718
878,0,0,0,0.31173
879,0,0,0,0.27164
880,0,0,0,0.239673
881,0,0,0,0.213924
882,0,0,0,0.192896
883,0,0,0,0.175584
884,0,0,0,0.161366
885,0,0,0,0.149644
886,0,0,0,0.139807
887,0,0,0,0.13119
888,0,0,0,0.123666
889,0,0,0,0.117326
890,0,0,0,0.112117
891,0,0,0,0.108095
892,0,0,0,0.105053
893,0,0,0,0.102851
894,0,0,0,0.101719
895,0,0,0,0.10169
896,0,0,0,0.102935
897,0,0,0,0.10591
898,0,0,0,0.11104
899,0,0,0,0.118934
900,0,0,0,0.130136
901,0,0,0,0.145191
902,0,0,0,0.164782
903,0,0,0,0.19097
904,0,0,0,0.226431
905,0,0,0,0.273485
906,0,0,0,0.335431
907,0,0,0,0.415618
908,0,0,0,0.519207
909,0,0,0,0.656126
910,0,0,0,0.83766
911,0,0,0,1.07742
912,0,0,0,1.39896
913,0,0,0,1.82991
914,0,0,0,2.39909
915,0,0,0,3.12267
916,0,0,0,3.98587
917,0,0,0,4.98017
918,0,0,0,6.1208
919,0,0,0,7.39242
920,0,0,0,8.72498
921,0,0,0,10.0104
922,0,0,0,11.1445
923,0,0,0,12.0869
924,0,0,0,12.7916
925,0,0,0,13.212
926,0,0,0,13.3425
927,0,0,0,13.1955
928,0,0,0,12.7955
929,0,0,0,12.1729
930,0,0,0,11.3692
931,0,0,0,10.4291
932,0,0,0,9.41137
933,0,0,0,8.35608
934,0,0,0,7.29938
935,0,0,0,6.27792
936,0,0,0,5.32653
937,0,0,0,4.46989
938,0,0,0,3.71402
939,0,0,0,3.06043
940,0,0,0,2.50794
941,0,0,0,2.04727
942,0,0,0,1.66699
943,0,0,0,1.35626
944,0,0,0,1.10474
945,0,0,0,0.902993
946,0,0,0,0.741635
947,0,0,0,0.613006
948,0,0,0,0.510675
949,0,0,0,0.429122
950,0,0,0,0.364022
951,0,0,0,0.312357
952,0,0,0,0.271664
953,0,0,0,0.239367
954,0,0,0,0.213582
955,0,0,0,0.19283
956,0,0,0,0.175731
957,0,0,0,0.1613
958,0,0,0,0.149064
959,0,0,0,0.138786
960,0,0,0,0.130218
961,0,0,0,0.123099
962,0,0,0,0.117111
963,0,0,0,0.11214
964,0,0,0,0.108112
965,0,0,0,0.104931
966,0,0,0,0.102737
967,0,0,0,0.1018
968,0,0,0,0.102367
969,0,0,0,0.104197
970,0,0,0,0.10724
971,0,0,0,0.112279
972,0,0,0,0.12015
973,0,0,0,0.131229
974,0,0,0,0.14603
975,0,0,0,0.165685
976,0,0,0,0.191763
977,0,0,0,0.226181
978,0,0,0,0.271195
979,0,0,0,0.330227
980,0,0,0,0.408877
981,0,0,0,0.514905
982,0,0,0,0.658619
983,0,0,0,0.85266
984,0,0,0,1.11288
985,0,0,0,1.45354
986,0,0,0,1.89515
987,0,0,0,2.46803
988,0,0,0,3.20626
989,0,0,0,4.12373
990,0,0,0,5.18181
991,0,0,0,6.34742
992,0,0,0,7.59263
993,0,0,0,8.892
994,0,0,0,10.1581
995,0,0,0,11.2854
996,0,0,0,12.18
997,0,0,0,12.7915
998,0,0,0,13.1377
999,0,0,0,13.241
1000,0,0,0,13.121
1001,0,0,0,12.7792
1002,0,0,0,12.2165
1003,0,0,0,11.4537
1004,0,0,0,10.5304
1005,0,0,0,9.49496
1006,0,0,0,8.41117
1007,0,0,0,7.33569
1008,0,0,0,6.30627
1009,0,0,0,5.34838
1010,0,0,0,4.48201
1011,0,0,0,3.71985
1012,0,0,0,3.06461
1013,0,0,0,2.51036
1014,0,0,0,2.04757
1015,0,0,0,1.66568
1016,0,0,0,1.35392
1017,0,0,0,1.10189
1018,0,0,0,0.89963
1019,0,0,0,0.738151
1020,0,0,0,0.609584
1021,0,0,0,0.507256
1022,0,0,0,0.426091
1023,0,0,0,0.362031
1024,0,0,0,0.311469
1025,0,0,0,0.271294
1026,0,0,0,0.239212
1027,0,0,0,0.213662
1028,0,0,0,0.19323
1029,0,0,0,0.176528
1030,0,0,0,0.16254
1031,0,0,0,0.150681
1032,0,0,0,0.140362
1033,0,0,0,0.131498
1034,0,0,0,0.124082
1035,0,0,0,0.118018
1036,0,0,0,0.11298
1037,0,0,0,0.108793
1038,0,0,0,0.105538
1039,0,0,0,0.103139
1040,0,0,0,0.101953
1041,0,0,0,0.102279
1042,0,0,0,0.104156
1043,0,0,0,0.107632
1044,0,0,0,0.112671
1045,0,0,0,0.119737
1046,0,0,0,0.130165
1047,0,0,0,0.145092
1048,0,0,0,0.165153
1049,0,0,0,0.191333
1050,0,0,0,0.2253
1051,0,0,0,0.269691
1052,0,0,0,0.32846
1053,0,0,0,0.407704
1054,0,0,0,0.514134
1055,0,0,0,0.657459
1056,0,0,0,0.849119
1057,0,0,0,1.10158
1058,0,0,0,1.43707
1059,0,0,0,1.87964
1060,0,0,0,2.44828
1061,0,0,0,3.16119
1062,0,0,0,4.03819
1063,0,0,0,5.088
1064,0,0,0,6.28293
1065,0,0,0,7.57713
1066,0,0,0,8.89776
1067,0,0,0,10.1286
1068,0,0,0,11.2144
1069,0,0,0,12.1466
1070,0,0,0,12.8676
1071,0,0,0,13.3145
1072,0,0,0,13.46
1073,0,0,0,13.2973
1074,0,0,0,12.8875
1075,0,0,0,12.2703
1076,0,0,0,11.4707
1077,0,0,0,10.5292
1078,0,0,0,9.49472
1079,0,0,0,8.42411
1080,0,0,0,7.36565
1081,0,0,0,6.34531
1082,0,0,0,5.3855
1083,0,0,0,4.51354
1084,0,0,0,3.74572
1085,0,0,0,3.08453
1086,0,0,0,2.52546
1087,0,0,0,2.05945
1088,0,0,0,1.67552
1089,0,0,0,1.3618
1090,0,0,0,1.10847
1091,0,0,0,0.905264
1092,0,0,0,0.742677
1093,0,0,0,0.612923
1094,0,0,0,0.509699
1095,0,0,0,0.427697
1096,0,0,0,0.362434
1097,0,0,0,0.311045
1098,0,0,0,0.270671
1099,0,0,0,0.23886
1100,0,0,0,0.213624
1101,0,0,0,0.193165
1102,0,0,0,0.176042
1103,0,0,0,0.161738
1104,0,0,0,0.149936
1105,0,0,0,0.139939
1106,0,0,0,0.131295
1107,0,0,0,0.123912
1108,0,0,0,0.117427
1109,0,0,0,0.112064
1110,0,0,0,0.108
1111,0,0,0,0.105067
1112,0,0,0,0.103092
1113,0,0,0,0.102198
1114,0,0,0,0.102625
1115,0,0,0,0.104438
1116,0,0,0,0.107639
1117,0,0,0,0.112721
1118,0,0,0,0.120259
1119,0,0,0,0.13067
1120,0,0,0,0.144946
1121,0,0,0,0.164371
1122,0,0,0,0.190639
1123,0,0,0,0.2254
1124,0,0,0,0.271579
1125,0,0,0,0.333149
1126,0,0,0,0.414438
1127,0,0,0,0.520687
1128,0,0,0,0.66097
1129,0,0,0,0.849934
1130,0,0,0,1.10362
1131,0,0,0,1.4405
1132,0,0,0,1.88111
1133,0,0,0,2.45061
1134,0,0,0,3.16474
1135,0,0,0,4.03917
1136,0,0,0,5.07989
1137,0,0,0,6.26884
1138,0,0,0,7.55755
1139,0,0,0,8.8679
1140,0,0,0,10.0983
1141,0,0,0,11.1575
1142,0,0,0,12.0401
1143,0,0,0,12.737
1144,0,0,0,13.1817
1145,0,0,0,13.331
1146,0,0,0,13.1943
1147,0,0,0,12.7931
1148,0,0,0,12.1781
1149,0,0,0,11.3841
1150,0,0,0,10.4652
1151,0,0,0,9.46668
1152,0,0,0,8.42159
1153,0,0,0,7.36294
1154,0,0,0,6.33511
1155,0,0,0,5.36926
1156,0,0,0,4.49512
1157,0,0,0,3.72805
1158,0,0,0,3.06877
1159,0,0,0,2.51106
1160,0,0,0,2.0455
1161,0,0,0,1.66322
1162,0,0,0,1.35291
1163,0,0,0,1.10279
1164,0,0,0,0.901457
1165,0,0,0,0.739734
1166,0,0,0,0.610994
1167,0,0,0,0.50859
1168,0,0,0,0.427267
1169,0,0,0,0.363007
1170,0,0,0,0.312052
1171,0,0,0,0.271803
1172,0,0,0,0.23988
1173,0,0,0,0.214334
1174,0,0,0,0.193609
1175,0,0,0,0.176438
1176,0,0,0,0.162173
1177,0,0,0,0.150488
1178,0,0,0,0.140949
1179,0,0,0,0.132969
1180,0,0,0,0.125898
1181,0,0,0,0.119488
1182,0,0,0,0.113882
1183,0,0,0,0.109231
1184,0,0,0,0.105814
1185,0,0,0,0.103793
1186,0,0,0,0.102995
1187,0,0,0,0.103358
1188,0,0,0,0.105225
1189,0,0,0,0.109244
1190,0,0,0,0.115727
1191,0,0,0,0.124508
1192,0,0,0,0.135766
1193,0,0,0,0.150244
1194,0,0,0,0.169252
1195,0,0,0,0.195152
1196,0,0,0,0.229315
1197,0,0,0,0.273237
1198,0,0,0,0.331328
1199,0,0,0,0.410301
1200,0,0,0,0.517503
1201,0,0,0,0.659882
1202,0,0,0,0.851555
1203,0,0,0,1.11126
1204,0,0,0,1.45814
1205,0,0,0,1.91738
1206,0,0,0,2.5063
1207,0,0,0,3.23549
1208,0,0,0,4.11649
1209,0,0,0,5.16004
1210,0,0,0,6.36914
1211,0,0,0,7.69217
1212,0,0,0,9.02894
1213,0,0,0,10.2708
1214,0,0,0,11.3478
1215,0,0,0,12.2196
1216,0,0,0,12.8578
1217,0,0,0,13.2586
1218,0,0,0,13.4123
1219,0,0,0,13.2949
1220,0,0,0,12.9326
1221,0,0,0,12.3392
1222,0,0,0,11.5492
1223,0,0,0,10.6152
1224,0,0,0,9.57637
1225,0,0,0,8.48014
1226,0,0,0,7.38336
1227,0,0,0,6.33215
1228,0,0,0,5.36119
1229,0,0,0,4.49127
1230,0,0,0,3.72625
1231,0,0,0,3.06659
1232,0,0,0,2.51075
1233,0,0,0,2.04967
1234,0,0,0,1.67009
1235,0,0,0,1.35953
1236,0,0,0,1.10824
1237,0,0,0,0.906302
1238,0,0,0,0.744562
1239,0,0,0,0.615487
1240,0,0,0,0.512854
1241,0,0,0,0.431441
1242,0,0,0,0.366688
1243,0,0,0,0.315099
1244,0,0,0,0.273945
1245,0,0,0,0.240826
1246,0,0,0,0.214429
1247,0,0,0,0.193387
1248,0,0,0,0.176194
1249,0,0,0,0.161881
1250,0,0,0,0.149974
1251,0,0,0,0.140006
1252,0,0,0,0.131487
1253,0,0,0,0.124377
1254,0,0,0,0.118478
1255,0,0,0,0.113488
1256,0,0,0,0.109263
1257,0,0,0,0.105731
1258,0,0,0,0.10315
1259,0,0,0,0.101916
1260,0,0,0,0.102199
1261,0,0,0,0.103774
1262,0,0,0,0.107082
1263,0,0,0,0.112718
1264,0,0,0,0.121031
1265,0,0,0,0.132172
1266,0,0,0,0.146837
1267,0,0,0,0.166338
1268,0,0,0,0.191938
1269,0,0,0,0.225902
1270,0,0,0,0.271516
1271,0,0,0,0.33217
1272,0,0,0,0.411591
1273,0,0,0,0.517998
1274,0,0,0,0.664498
1275,0,0,0,0.861148
1276,0,0,0,1.11987
1277,0,0,0,1.45838
1278,0,0,0,1.89373
1279,0,0,0,2.4522
1280,0,0,0,3.15254
1281,0,0,0,4.00804
1282,0,0,0,5.02639
1283,0,0,0,6.1861
1284,0,0,0,7.44078
1285,0,0,0,8.73045
1286,0,0,0,10.005
1287,0,0,0,11.2009
1288,0,0,0,12.1818
1289,0,0,0,12.8519
1290,0,0,0,13.2192
1291,0,0,0,13.3182
1292,0,0,0,13.1749
1293,0,0,0,12.7805
1294,0,0,0,12.146
1295,0,0,0,11.322
1296,0,0,0,10.3864
1297,0,0,0,9.39192
1298,0,0,0,8.35544
1299,0,0,0,7.31052
1300,0,0,0,6.29389
1301,0,0,0,5.34124
1302,0,0,0,4.47839
1303,0,0,0,3.71763
1304,0,0,0,3.06183
1305,0,0,0,2.50621
1306,0,0,0,2.04296
1307,0,0,0,1.6613
1308,0,0,0,1.34952
1309,0,0,0,1.09771
1310,0,0,0,0.896379
1311,0,0,0,0.736349
1312,0,0,0,0.609251
1313,0,0,0,0.508032
1314,0,0,0,0.427421
1315,0,0,0,0.363352
1316,0,0,0,0.312322
1317,0,0,0,0.271722
1318,0,0,0,0.239294
1319,0,0,0,0.213209
1320,0,0,0,0.192168
1321,0,0,0,0.175063
1322,0,0,0,0.160957
1323,0,0,0,0.149421
1324,0,0,0,0.13997
1325,0,0,0,0.131911
1326,0,0,0,0.12474
1327,0,0,0,0.11829
1328,0,0,0,0.112754
1329,0,0,0,0.108364
1330,0,0,0,0.105238
1331,0,0,0,0.103171
1332,0,0,0,0.102174
1333,0,0,0,0.102479
1334,0,0,0,0.104384
1335,0,0,0,0.108225
1336,0,0,0,0.114
1337,0,0,0,0.121944
1338,0,0,0,0.132839
1339,0,0,0,0.147549
1340,0,0,0,0.167138
1341,0,0,0,0.193015
1342,0,0,0,0.22654
1343,0,0,0,0.2713
1344,0,0,0,0.331491
1345,0,0,0,0.413372
1346,0,0,0,0.525365
1347,0,0,0,0.674976
1348,0,0,0,0.872308
1349,0,0,0,1.12854
1350,0,0,0,1.46149
1351,0,0,0,1.89553
1352,0,0,0,2.45268
1353,0,0,0,3.15615
1354,0,0,0,4.02686
1355,0,0,0,5.06772
1356,0,0,0,6.24507
1357,0,0,0,7.50464
1358,0,0,0,8.77304
1359,0,0,0,9.99116
1360,0,0,0,11.1244
1361,0,0,0,12.0984
1362,0,0,0,12.8245
1363,0,0,0,13.243
1364,0,0,0,13.3545
1365,0,0,0,13.1999
1366,0,0,0,12.8077
1367,0,0,0,12.1975
1368,0,0,0,11.4026
1369,0,0,0,10.4596
1370,0,0,0,9.41503
1371,0,0,0,8.33498
1372,0,0,0,7.27453
1373,0,0,0,6.2695
1374,0,0,0,5.33807
1375,0,0,0,4.48861
1376,0,0,0,3.72895
1377,0,0,0,3.06909
1378,0,0,0,2.51056
1379,0,0,0,2.04586
1380,0,0,0,1.66428
1381,0,0,0,1.35304
1382,0,0,0,1.10048
1383,0,0,0,0.897939
1384,0,0,0,0.736636
1385,0,0,0,0.608563
1386,0,0,0,0.507122
1387,0,0,0,0.426823
1388,0,0,0,0.36312
1389,0,0,0,0.312513
1390,0,0,0,0.27167
1391,0,0,0,0.238617
1392,0,0,0,0.212142
1393,0,0,0,0.191056
1394,0,0,0,0.174303
1395,0,0,0,0.160698
1396,0,0,0,0.149301
1397,0,0,0,0.139695
1398,0,0,0,0.131402
1399,0,0,0,0.124152
1400,0,0,0,0.117908
1401,0,0,0,0.112769
1402,0,0,0,0.108724
1403,0,0,0,0.105625
1404,0,0,0,0.103293
1405,0,0,0,0.101873
1406,0,0,0,0.101579
1407,0,0,0,0.10293
1408,0,0,0,0.106031
1409,0,0,0,0.11099
1410,0,0,0,0.118401
1411,0,0,0,0.12901
1412,0,0,0,0.143634
1413,0,0,0,0.163287
1414,0,0,0,0.189423
1415,0,0,0,0.224048
1416,0,0,0,0.269617
1417,0,0,0,0.329881
1418,0,0,0,0.409394
1419,0,0,0,0.51483
1420,0,0,0,0.657106
1421,0,0,0,0.849058
1422,0,0,0,1.1035
1423,0,0,0,1.44296
1424,0,0,0,1.89028
1425,0,0,0,2.46898
1426,0,0,0,3.19347
1427,0,0,0,4.05501
1428,0,0,0,5.0633
1429,0,0,0,6.19645
1430,0,0,0,7.42616
1431,0,0,0,8.73799
1432,0,0,0,10.0405
1433,0,0,0,11.2133
1434,0,0,0,12.1684
1435,0,0,0,12.8699
1436,0,0,0,13.3105
1437,0,0,0,13.4624
1438,0,0,0,13.3118
1439,0,0,0,12.8695
1440,0,0,0,12.2081
1441,0,0,0,11.3904
1442,0,0,0,10.4575
1443,0,0,0,9.43767
1444,0,0,0,8.37236
1445,0,0,0,7.31153
1446,0,0,0,6.29236
1447,0,0,0,5.33901
1448,0,0,0,4.47467
1449,0,0,0,3.71333
1450,0,0,0,3.0572
1451,0,0,0,2.50188
1452,0,0,0,2.03961
1453,0,0,0,1.6598
1454,0,0,0,1.35011
1455,0,0,0,1.09975
1456,0,0,0,0.899127
1457,0,0,0,0.739349
1458,0,0,0,0.611979
1459,0,0,0,0.510135
1460,0,0,0,0.428911
1461,0,0,0,0.364388
1462,0,0,0,0.313024
1463,0,0,0,0.272102
1464,0,0,0,0.239566
1465,0,0,0,0.213788
1466,0,0,0,0.193045
1467,0,0,0,0.175862
1468,0,0,0,0.161641
1469,0,0,0,0.149845
1470,0,0,0,0.139844
1471,0,0,0,0.131254
1472,0,0,0,0.124027
1473,0,0,0,0.117992
1474,0,0,0,0.113126
1475,0,0,0,0.109335
1476,0,0,0,0.106395
1477,0,0,0,0.104042
1478,0,0,0,0.102359
1479,0,0,0,0.101894
1480,0,0,0,0.103197
1481,0,0,0,0.106738
1482,0,0,0,0.112736
1483,0,0,0,0.121084
1484,0,0,0,0.131974
1485,0,0,0,0.146136
1486,0,0,0,0.164712
1487,0,0,0,0.189573
1488,0,0,0,0.222858
1489,0,0,0,0.268237
1490,0,0,0,0.328119
1491,0,0,0,0.40575
1492,0,0,0,0.507356
1493,0,0,0,0.643974
1494,0,0,0,0.832937
1495,0,0,0,1.09215
1496,0,0,0,1.43424
1497,0,0,0,1.875
1498,0,0,0,2.44234
1499,0,0,0,3.16104
1500,0,0,0,4.04229
1501,0,0,0,5.0709
1502,0,0,0,6.22228
1503,0,0,0,7.45861
1504,0,0,0,8.73045
1505,0,0,0,9.98127
1506,0,0,0,11.1274
1507,0,0,0,12.0747
1508,0,0,0,12.7649
1509,0,0,0,13.1783
1510,0,0,0,13.3078
1511,0,0,0,13.171
1512,0,0,0,12.7708
1513,0,0,0,12.1537
1514,0,0,0,11.3602
1515,0,0,0,10.4293
1516,0,0,0,9.40658
1517,0,0,0,8.3382
1518,0,0,0,7.27242
1519,0,0,0,6.25402
1520,0,0,0,5.31297
1521,0,0,0,4.46359
1522,0,0,0,3.71215
1523,0,0,0,3.06276
1524,0,0,0,2.51057
1525,0,0,0,2.04912
1526,0,0,0,1.66733
1527,0,0,0,1.35502
1528,0,0,0,1.10294
1529,0,0,0,0.900734
1530,0,0,0,0.73925
1531,0,0,0,0.611092
1532,0,0,0,0.509278
1533,0,0,0,0.42819
1534,0,0,0,0.3634
1535,0,0,0,0.311542
1536,0,0,0,0.270114
1537,0,0,0,0.237512
1538,0,0,0,0.211882
1539,0,0,0,0.191255
1540,0,0,0,0.174278
1541,0,0,0,0.16019
1542,0,0,0,0.148366
1543,0,0,0,0.138361
1544,0,0,0,0.129901
1545,0,0,0,0.122868
1546,0,0,0,0.117469
1547,0,0,0,0.113527
1548,0,0,0,0.110389
1549,0,0,0,0.107515
1550,0,0,0,0.105107
1551,0,0,0,0.103664
1552,0,0,0,0.103489
1553,0,0,0,0.104983
1554,0,0,0,0.108456
1555,0,0,0,0.113888
1556,0,0,0,0.121586
1557,0,0,0,0.132438
1558,0,0,0,0.147239
1559,0,0,0,0.166922
1560,0,0,0,0.193024
1561,0,0,0,0.227797
1562,0,0,0,0.274139
1563,0,0,0,0.335701
1564,0,0,0,0.417464
1565,0,0,0,0.525964
1566,0,0,0,0.67133
1567,0,0,0,0.868837
1568,0,0,0,1.1315
1569,0,0,0,1.47099
1570,0,0,0,1.90835
1571,0,0,0,2.47264
1572,0,0,0,3.19212
1573,0,0,0,4.07913
1574,0,0,0,5.12333
1575,0,0,0,6.3057
1576,0,0,0,7.58274
1577,0,0,0,8.88063
1578,0,0,0,10.1172
1579,0,0,0,11.2029
1580,0,0,0,12.0925
1581,0,0,0,12.7521
1582,0,0,0,13.1451
1583,0,0,0,13.2722
1584,0,0,0,13.138
1585,0,0,0,12.7613
1586,0,0,0,12.1525
1587,0,0,0,11.3607
1588,0,0,0,10.4345
1589,0,0,0,9.41523
1590,0,0,0,8.35024
1591,0,0,0,7.29088
1592,0,0,0,6.27291
1593,0,0,0,5.32621
1594,0,0,0,4.4697
1595,0,0,0,3.71434
1596,0,0,0,3.06256
1597,0,0,0,2.50993
1598,0,0,0,2.04733
1599,0,0,0,1.66498
1600,0,0,0,1.35396
1601,0,0,0,1.1027
1602,0,0,0,0.900832
1603,0,0,0,0.739535
1604,0,0,0,0.61075
1605,0,0,0,0.508379
1606,0,0,0,0.427332
1607,0,0,0,0.363225
1608,0,0,0,0.312493
1609,0,0,0,0.272012
1610,0,0,0,0.239579
1611,0,0,0,0.213815
1612,0,0,0,0.193159
1613,0,0,0,0.17612
1614,0,0,0,0.161666
1615,0,0,0,0.149388
1616,0,0,0,0.139011
1617,0,0,0,0.130078
1618,0,0,0,0.122435
1619,0,0,0,0.116187
1620,0,0,0,0.111332
1621,0,0,0,0.107658
1622,0,0,0,0.104888
1623,0,0,0,0.103031
1624,0,0,0,0.102361
1625,0,0,0,0.102967
1626,0,0,0,0.105033
1627,0,0,0,0.108732
1628,0,0,0,0.114196
1629,0,0,0,0.121866
1630,0,0,0,0.132629
1631,0,0,0,0.147517
1632,0,0,0,0.167353
1633,0,0,0,0.193046
1634,0,0,0,0.22625
1635,0,0,0,0.270018
1636,0,0,0,0.330278
1637,0,0,0,0.412554
1638,0,0,0,0.522325
1639,0,0,0,0.670852
1640,0,0,0,0.871647
1641,0,0,0,1.13618
1642,0,0,0,1.47598
1643,0,0,0,1.9131
1644,0,0,0,2.47422
1645,0,0,0,3.17759
1646,0,0,0,4.03677
1647,0,0,0,5.05739
1648,0,0,0,6.22991
1649,0,0,0,7.53191
1650,0,0,0,8.8882
1651,0,0,0,10.2002
1652,0,0,0,11.3539
1653,0,0,0,12.2685
1654,0,0,0,12.9313
1655,0,0,0,13.3273
1656,0,0,0,13.4278
1657,0,0,0,13.2414
1658,0,0,0,12.7882
1659,0,0,0,12.1431
1660,0,0,0,11.3566
1661,0,0,0,10.4404
1662,0,0,0,9.43283
1663,0,0,0,8.38476
1664,0,0,0,7.33882
1665,0,0,0,6.32544
1666,0,0,0,5.37293
1667,0,0,0,4.50378
1668,0,0,0,3.73665
1669,0,0,0,3.07378
1670,0,0,0,2.51133
1671,0,0,0,2.04383
1672,0,0,0,1.6596
1673,0,0,0,1.34681
1674,0,0,0,1.09455
1675,0,0,0,0.893419
1676,0,0,0,0.733968
1677,0,0,0,0.607453
1678,0,0,0,0.507145
1679,0,0,0,0.427393
1680,0,0,0,0.363871
1681,0,0,0,0.313263
1682,0,0,0,0.272995
1683,0,0,0,0.240788
1684,0,0,0,0.214708
1685,0,0,0,0.193464
1686,0,0,0,0.176175
1687,0,0,0,0.162216
1688,0,0,0,0.150684
1689,0,0,0,0.140772
1690,0,0,0,0.131833
1691,0,0,0,0.124109
1692,0,0,0,0.117963
1693,0,0,0,0.113153
1694,0,0,0,0.109154
1695,0,0,0,0.105842
1696,0,0,0,0.103485
1697,0,0,0,0.102179
1698,0,0,0,0.102037
1699,0,0,0,0.103572
1700,0,0,0,0.107393
1701,0,0,0,0.11356
1702,0,0,0,0.121746
1703,0,0,0,0.132399
1704,0,0,0,0.146954
1705,0,0,0,0.167125
1706,0,0,0,0.194122
1707,0,0,0,0.229365
1708,0,0,0,0.275136
1709,0,0,0,0.335783
1710,0,0,0,0.415284
1711,0,0,0,0.518315
1712,0,0,0,0.65548
1713,0,0,0,0.842913
1714,0,0,0,1.09891
1715,0,0,0,1.44076
1716,0,0,0,1.88667
1717,0,0,0,2.46086
1718,0,0,0,3.17539
1719,0,0,0,4.04603
1720,0,0,0,5.08777
1721,0,0,0,6.269
1722,0,0,0,7.5383
1723,0,0,0,8.8486
1724,0,0,0,10.1052
1725,0,0,0,11.212
1726,0,0,0,12.1194
1727,0,0,0,12.7843
1728,0,0,0,13.1806
1729,0,0,0,13.2859
1730,0,0,0,13.1108
1731,0,0,0,12.7025
1732,0,0,0,12.0979
1733,0,0,0,11.333
1734,0,0,0,10.4331
1735,0,0,0,9.44151
1736,0,0,0,8.39377
1737,0,0,0,7.33498
1738,0,0,0,6.31126
1739,0,0,0,5.35513
1740,0,0,0,4.49049
1741,0,0,0,3.72572
1742,0,0,0,3.06473
1743,0,0,0,2.50514
1744,0,0,0,2.03924
1745,0,0,0,1.65719
1746,0,0,0,1.34654
1747,0,0,0,1.09591
1748,0,0,0,0.895378
1749,0,0,0,0.735562
1750,0,0,0,0.608533
1751,0,0,0,0.507402
1752,0,0,0,0.426931
1753,0,0,0,0.363425
1754,0,0,0,0.313247
1755,0,0,0,0.272972
1756,0,0,0,0.240714
1757,0,0,0,0.214807
1758,0,0,0,0.193977
1759,0,0,0,0.177056
1760,0,0,0,0.162929
1761,0,0,0,0.150747
1762,0,0,0,0.140268
1763,0,0,0,0.131531
1764,0,0,0,0.124111
1765,0,0,0,0.118007
1766,0,0,0,0.113034
1767,0,0,0,0.108953
1768,0,0,0,0.105726
1769,0,0,0,0.103479
1770,0,0,0,0.102663
1771,0,0,0,0.103524
1772,0,0,0,0.105855
1773,0,0,0,0.109605
1774,0,0,0,0.114973
1775,0,0,0,0.122294
1776,0,0,0,0.132471
1777,0,0,0,0.146684
1778,0,0,0,0.166065
1779,0,0,0,0.191473
1780,0,0,0,0.224394
1781,0,0,0,0.267656
1782,0,0,0,0.325986
1783,0,0,0,0.405979
1784,0,0,0,0.514575
1785,0,0,0,0.658966
1786,0,0,0,0.84832
1787,0,0,0,1.09899
1788,0,0,0,1.43242
1789,0,0,0,1.86474
1790,0,0,0,2.41276
1791,0,0,0,3.10858
1792,0,0,0,3.97481
1793,0,0,0,5.01437
1794,0,0,0,6.21031
1795,0,0,0,7.51089
1796,0,0,0,8.82977
1797,0,0,0,10.0924
1798,0,0,0,11.224
1799,0,0,0,12.1435
1800,0,0,0,12.8051
1801,0,0,0,13.1837
1802,0,0,0,13.2916
1803,0,0,0,13.1315
1804,0,0,0,12.7142
1805,0,0,0,12.0883
1806,0,0,0,11.2927
1807,0,0,0,10.3582
1808,0,0,0,9.34375
1809,0,0,0,8.29985
1810,0,0,0,7.26166
1811,0,0,0,6.26078
1812,0,0,0,5.32347
1813,0,0,0,4.47083
1814,0,0,0,3.71788
1815,0,0,0,3.0659
1816,0,0,0,2.51115
1817,0,0,0,2.0462
1818,0,0,0,1.66161
1819,0,0,0,1.34849
1820,0,0,0,1.09658
1821,0,0,0,0.895403
1822,0,0,0,0.735512
1823,0,0,0,0.608609
1824,0,0,0,0.508015
1825,0,0,0,0.428126
1826,0,0,0,0.364218
1827,0,0,0,0.31296
1828,0,0,0,0.272182
1829,0,0,0,0.239673
1830,0,0,0,0.213674
1831,0,0,0,0.192697
1832,0,0,0,0.175376
1833,0,0,0,0.161116
1834,0,0,0,0.149379
1835,0,0,0,0.139533
1836,0,0,0,0.131055
1837,0,0,0,0.123718
1838,0,0,0,0.117554
1839,0,0,0,0.112657
1840,0,0,0,0.108712
1841,0,0,0,0.105648
1842,0,0,0,0.103634
1843,0,0,0,0.102801
1844,0,0,0,0.103093
1845,0,0,0,0.104605
1846,0,0,0,0.10779
1847,0,0,0,0.113251
1848,0,0,0,0.121375
1849,0,0,0,0.132486
1850,0,0,0,0.147047
1851,0,0,0,0.165789
1852,0,0,0,0.190403
1853,0,0,0,0.223539
1854,0,0,0,0.268983
1855,0,0,0,0.330243
1856,0,0,0,0.411681
1857,0,0,0,0.520195
1858,0,0,0,0.667471
1859,0,0,0,0.865183
1860,0,0,0,1.12327
1861,0,0,0,1.45584
1862,0,0,0,1.89035
1863,0,0,0,2.46543
1864,0,0,0,3.19319
1865,0,0,0,4.06832
1866,0,0,0,5.09209
1867,0,0,0,6.26683
1868,0,0,0,7.56141
1869,0,0,0,8.88612
1870,0,0,0,10.1437
1871,0,0,0,11.2729
1872,0,0,0,12.2309
1873,0,0,0,12.9435
1874,0,0,0,13.3498
1875,0,0,0,13.4487
1876,0,0,0,13.267
1877,0,0,0,12.8469
1878,0,0,0,12.2099
1879,0,0,0,11.3934
1880,0,0,0,10.4426
1881,0,0,0,9.41179
1882,0,0,0,8.34835
1883,0,0,0,7.29657
1884,0,0,0,6.28814
1885,0,0,0,5.34406
1886,0,0,0,4.48825
1887,0,0,0,3.73175
1888,0,0,0,3.07614
1889,0,0,0,2.51788
1890,0,0,0,2.05061
1891,0,0,0,1.6646
1892,0,0,0,1.3503
1893,0,0,0,1.09814
1894,0,0,0,0.897796
1895,0,0,0,0.738618
1896,0,0,0,0.611341
1897,0,0,0,0.509661
1898,0,0,0,0.428752
1899,0,0,0,0.364437
1900,0,0,0,0.313528
1901,0,0,0,0.273091
1902,0,0,0,0.240642
1903,0,0,0,0.214406
1904,0,0,0,0.193153
1905,0,0,0,0.176027
1906,0,0,0,0.162153
1907,0,0,0,0.150716
1908,0,0,0,0.141244
1909,0,0,0,0.133144
1910,0,0,0,0.126169
1911,0,0,0,0.119988
1912,0,0,0,0.114523
1913,0,0,0,0.109614
1914,0,0,0,0.105513
1915,0,0,0,0.102972
1916,0,0,0,0.102254
1917,0,0,0,0.102837
1918,0,0,0,0.104503
1919,0,0,0,0.107406
1920,0,0,0,0.112301
1921,0,0,0,0.120182
1922,0,0,0,0.131446
1923,0,0,0,0.146182
1924,0,0,0,0.164843
1925,0,0,0,0.189409
1926,0,0,0,0.223591
1927,0,0,0,0.27014
1928,0,0,0,0.331643
1929,0,0,0,0.412991
1930,0,0,0,0.522021
1931,0,0,0,0.669284
1932,0,0,0,0.86707
1933,0,0,0,1.12643
1934,0,0,0,1.46361
1935,0,0,0,1.9067
1936,0,0,0,2.47763
1937,0,0,0,3.19545
1938,0,0,0,4.08302
1939,0,0,0,5.1347
1940,0,0,0,6.31459
1941,0,0,0,7.57597
1942,0,0,0,8.86398
1943,0,0,0,10.1192
1944,0,0,0,11.2561
1945,0,0,0,12.1904
1946,0,0,0,12.8559
1947,0,0,0,13.2543
1948,0,0,0,13.3942
1949,0,0,0,13.2553
1950,0,0,0,12.8412
1951,0,0,0,12.2067
1952,0,0,0,11.408
1953,0,0,0,10.4762
1954,0,0,0,9.45698
1955,0,0,0,8.39161
1956,0,0,0,7.32519
1957,0,0,0,6.29976
1958,0,0,0,5.34645
1959,0,0,0,4.48855
1960,0,0,0,3.73227
1961,0,0,0,3.077
1962,0,0,0,2.52043
1963,0,0,0,2.05567
1964,0,0,0,1.67308
1965,0,0,0,1.36019
1966,0,0,0,1.10669
1967,0,0,0,0.903333
1968,0,0,0,0.741175
1969,0,0,0,0.612321
1970,0,0,0,0.509805
1971,0,0,0,0.428333
1972,0,0,0,0.363847
1973,0,0,0,0.312783
1974,0,0,0,0.272322
1975,0,0,0,0.240174
1976,0,0,0,0.214439
1977,0,0,0,0.193614
1978,0,0,0,0.17667
1979,0,0,0,0.162707
1980,0,0,0,0.150825
1981,0,0,0,0.140512
1982,0,0,0,0.131464
1983,0,0,0,0.12369
1984,0,0,0,0.117416
1985,0,0,0,0.112677
1986,0,0,0,0.108968
1987,0,0,0,0.105788
1988,0,0,0,0.103376
1989,0,0,0,0.102107
1990,0,0,0,0.10218
1991,0,0,0,0.103822
1992,0,0,0,0.106997
1993,0,0,0,0.112131
1994,0,0,0,0.119922
1995,0,0,0,0.131346
1996,0,0,0,0.146859
1997,0,0,0,0.167366
1998,0,0,0,0.193571
1999,0,0,0,0.226189
2000,0,0,0,0.269276
2001,0,0,0,0.328803
2002,0,0,0,0.410159
2003,0,0,0,0.51945
2004,0,0,0,0.667035
2005,0,0,0,0.866798
2006,0,0,0,1.13688
2007,0,0,0,1.49283
2008,0,0,0,1.94725
2009,0,0,0,2.50758
2010,0,0,0,3.19561
2011,0,0,0,4.05004
2012,0,0,0,5.08519
2013,0,0,0,6.28833
2014,0,0,0,7.60081
2015,0,0,0,8.92816
2016,0,0,0,10.1914
2017,0,0,0,11.341
2018,0,0,0,12.301
2019,0,0,0,12.9996
2020,0,0,0,13.3853
2021,0,0,0,13.4427
2022,0,0,0,13.2281
2023,0,0,0,12.7888
2024,0,0,0,12.1676
2025,0,0,0,11.3908
2026,0,0,0,10.4827
2027,0,0,0,9.48296
2028,0,0,0,8.4366
2029,0,0,0,7.38031
2030,0,0,0,6.35029
2031,0,0,0,5.3826
2032,0,0,0,4.5054
2033,0,0,0,3.73438
2034,0,0,0,3.07285
2035,0,0,0,2.51471
2036,0,0,0,2.04947
2037,0,0,0,1.66653
2038,0,0,0,1.35476
2039,0,0,0,1.10329
2040,0,0,0,0.901426
2041,0,0,0,0.7396
2042,0,0,0,0.61066
2043,0,0,0,0.508713
2044,0,0,0,0.4282
2045,0,0,0,0.363824
2046,0,0,0,0.31214
2047,0,0,0,0.271008
2048,0,0,0,0.238514
2049,0,0,0,0.212693
2050,0,0,0,0.191918
2051,0,0,0,0.174993
2052,0,0,0,0.16086
2053,0,0,0,0.148905
2054,0,0,0,0.13869
2055,0,0,0,0.130097
2056,0,0,0,0.123078
2057,0,0,0,0.117317
2058,0,0,0,0.112425
2059,0,0,0,0.10846
2060,0,0,0,0.105483
2061,0,0,0,0.103406
2062,0,0,0,0.102416
2063,0,0,0,0.102823
2064,0,0,0,0.104739
2065,0,0,0,0.108403
2066,0,0,0,0.114135
2067,0,0,0,0.122506
2068,0,0,0,0.134357
2069,0,0,0,0.150052
2070,0,0,0,0.169946
2071,0,0,0,0.194805
2072,0,0,0,0.227526
2073,0,0,0,0.272636
2074,0,0,0,0.334657
2075,0,0,0,0.417776
2076,0,0,0,0.527557
2077,0,0,0,0.672112
2078,0,0,0,0.862872
2079,0,0,0,1.11895
2080,0,0,0,1.45617
2081,0,0,0,1.89402
2082,0,0,0,2.45539
2083,0,0,0,3.17414
2084,0,0,0,4.07492
2085,0,0,0,5.1378
2086,0,0,0,6.3318
2087,0,0,0,7.61886
2088,0,0,0,8.92821
2089,0,0,0,10.1779
2090,0,0,0,11.3013
2091,0,0,0,12.2007
2092,0,0,0,12.8415
2093,0,0,0,13.2091
2094,0,0,0,13.3096
2095,0,0,0,13.1598
2096,0,0,0,12.7698
2097,0,0,0,12.1658
2098,0,0,0,11.3854
2099,0,0,0,10.4633
2100,0,0,0,9.45757
2101,0,0,0,8.41733
2102,0,0,0,7.368
2103,0,0,0,6.34511
2104,0,0,0,5.37853
2105,0,0,0,4.50093
2106,0,0,0,3.72915
2107,0,0,0,3.06855
2108,0,0,0,2.51183
2109,0,0,0,2.0476
2110,0,0,0,1.6647
2111,0,0,0,1.35314
2112,0,0,0,1.1026
2113,0,0,0,0.901829
2114,0,0,0,0.741092
2115,0,0,0,0.612678
2116,0,0,0,0.510465
2117,0,0,0,0.429128
2118,0,0,0,0.364497
2119,0,0,0,0.3134
2120,0,0,0,0.272968
2121,0,0,0,0.240595
2122,0,0,0,0.214399
2123,0,0,0,0.193034
2124,0,0,0,0.175801
2125,0,0,0,0.161859
2126,0,0,0,0.150315
2127,0,0,0,0.140723
2128,0,0,0,0.132438
2129,0,0,0,0.125094
2130,0,0,0,0.11873
2131,0,0,0,0.113408
2132,0,0,0,0.10925
2133,0,0,0,0.106292
2134,0,0,0,0.104623
2135,0,0,0,0.104241
2136,0,0,0,0.105003
2137,0,0,0,0.106838
2138,0,0,0,0.109918
2139,0,0,0,0.114757
2140,0,0,0,0.122275
2141,0,0,0,0.13305
2142,0,0,0,0.147934
2143,0,0,0,0.168065
2144,0,0,0,0.194656
2145,0,0,0,0.229091
2146,0,0,0,0.273943
2147,0,0,0,0.333428
2148,0,0,0,0.412408
2149,0,0,0,0.52004
2150,0,0,0,0.667282
2151,0,0,0,0.864387
2152,0,0,0,1.12415
2153,0,0,0,1.46297
2154,0,0,0,1.90614
2155,0,0,0,2.47965
2156,0,0,0,3.19891
2157,0,0,0,4.07289
2158,0,0,0,5.10278
2159,0,0,0,6.29618
2160,0,0,0,7.6172
2161,0,0,0,8.9737
2162,0,0,0,10.2493
2163,0,0,0,11.3493
2164,0,0,0,12.2354
2165,0,0,0,12.8618
2166,0,0,0,13.2322
2167,0,0,0,13.3578
2168,0,0,0,13.2272
2169,0,0,0,12.8431
2170,0,0,0,12.2319
2171,0,0,0,11.4513
2172,0,0,0,10.5405
2173,0,0,0,9.52057
2174,0,0,0,8.44554
2175,0,0,0,7.37231
2176,0,0,0,6.33671
2177,0,0,0,5.37273
2178,0,0,0,4.49929
2179,0,0,0,3.73007
2180,0,0,0,3.06926
2181,0,0,0,2.51119
2182,0,0,0,2.04709
2183,0,0,0,1.66555
2184,0,0,0,1.35373
2185,0,0,0,1.10217
2186,0,0,0,0.90069
2187,0,0,0,0.739797
2188,0,0,0,0.611636
2189,0,0,0,0.50951
2190,0,0,0,0.428381
2191,0,0,0,0.36417
2192,37,0,0,0.313467
2193,34,0,0,0.273474
2194,35,0,0,0.241635
2195,37,0,0,0.215758
2196,37,0,0,0.194214
2197,39,0,0,0.176319
2198,37,0,0,0.161846
2199,35,0,0,0.15015
2200,41,0,0,0.14019
2201,36,0,0,0.131511
2202,36,0,0,0.124126
2203,33,0,0,0.117824
2204,29,0,0,0.112487
2205,35,0,0,0.10824
2206,29,0,0,0.10509
2207,35,0,0,0.103056
2208,39,0,0,0.102252
2209,32,0,0,0.102698
2210,39,0,0,0.104543
2211,34,0,0,0.10824
2212,32,0,0,0.114147
2213,37,0,0,0.122127
2214,38,0,0,0.132558
2215,35,0,0,0.14654
2216,37,0,0,0.165357
2217,33,0,0,0.190402
2218,27,0,0,0.223555
2219,33,0,0,0.267842
2220,35,0,0,0.327378
2221,34,0,0,0.408958
2222,37,0,0,0.521852
2223,36,0,0,0.672933
2224,34,0,0,0.870761
2225,40,0,0,1.13217
2226,40,0,0,1.47618
2227,40,0,0,1.92201
2228,37,0,0,2.49784
2229,36,0,0,3.22697
2230,37,0,0,4.10554
2231,35,0,0,5.12186
2232,37,0,0,6.26425
2233,36,0,0,7.50459
2234,32,0,0,8.7967
2235,35,0,0,10.0595
2236,32,0,0,11.206
2237,35,0,0,12.1458
2238,37,0,0,12.8162
2239,32,0,0,13.216
2240,41,0,0,13.3547
2241,37,0,0,13.2305
2242,37,0,0,12.8612
2243,38,0,0,12.2547
2244,36,0,0,11.4472
2245,35,0,0,10.4938
2246,34,0,0,9.45171
2247,36,0,0,8.37407
2248,44,0,0,7.30614
2249,29,0,0,6.28323
2250,40,0,0,5.33267
2251,35,0,0,4.47401
2252,34,0,0,3.71639
2253,36,0,0,3.06042
2254,34,0,0,2.50355
2255,31,0,0,2.03985
2256,33,0,0,1.65834
2257,36,0,0,1.34889
2258,36,0,0,1.09876
2259,35,0,0,0.897073
2260,36,0,0,0.735842
2261,38,0,0,0.607987
2262,38,0,0,0.507055
2263,37,0,0,0.426803
2264,36,0,0,0.362795
2265,39,0,0,0.312012
2266,36,0,0,0.271749
2267,32,0,0,0.239575
2268,37,0,0,0.213537
2269,34,0,0,0.192185
2270,36,0,0,0.174742
2271,38,0,0,0.160476
2272,34,0,0,0.148696
2273,33,0,0,0.138759
2274,35,0,0,0.130276
2275,42,0,0,0.123111
2276,31,0,0,0.117125
2277,33,0,0,0.112349
2278,37,0,0,0.108646
2279,34,0,0,0.105856
2280,31,0,0,0.103926
2281,38,0,0,0.102966
2282,36,0,0,0.103046
2283,39,0,0,0.104573
2284,35,0,0,0.107834
2285,36,0,0,0.112863
2286,37,0,0,0.120206
2287,36,0,0,0.130406
2288,35,0,0,0.144354
2289,37,0,0,0.163422
2290,38,0,0,0.189314
2291,33,0,0,0.224096
2292,34,0,0,0.269826
2293,35,0,0,0.329331
2294,36,0,0,0.406722
2295,29,0,0,0.509632
2296,31,0,0,0.649485
2297,31,0,0,0.83805
2298,40,0,0,1.08942
2299,38,0,0,1.42036
2300,36,0,0,1.85073
2301,36,2358,0,2.4055
2302,37,0,0,3.10785
2303,36,0,0,3.98041
2304,38,0,0,5.02516
2305,32,0,0,6.21466
2306,35,0,0,7.49746
2307,32,0,0,8.81292
2308,33,0,0,10.0766
2309,30,0,0,11.1873
2310,34,0,0,12.0612
2311,37,0,0,12.6661
2312,30,0,0,13.0192
2313,38,0,0,13.1318
2314,35,0,0,12.991
2315,36,0,0,12.6088
2316,35,0,0,12.0331
2317,31,0,0,11.2819
2318,35,0,0,10.3862
2319,36,0,0,9.38596
2320,35,0,0,8.33513
2321,40,0,0,7.28145
2322,34,0,0,6.26193
2323,39,0,0,5.30812
2324,37,0,0,4.44376
2325,35,0,0,3.6843
2326,36,0,0,3.03211
2327,40,0,0,2.48266
2328,33,0,0,2.02638
2329,35,0,0,1.65038
2330,36,0,0,1.34331
2331,35,0,0,1.09468
2332,38,0,0,0.895083
2333,38,0,0,0.73577
2334,33,0,0,0.608536
2335,35,0,0,0.507281
2336,32,0,0,0.426632
2337,29,0,0,0.362341
2338,39,0,0,0.311146
2339,40,0,0,0.270353
2340,37,0,0,0.237435
2341,30,0,0,0.210753
2342,35,0,0,0.189173
2343,33,0,0,0.171873
2344,33,0,0,0.157903
2345,31,0,0,0.146391
2346,38,0,0,0.136597
2347,32,0,0,0.128304
2348,32,0,0,0.121411
2349,30,0,0,0.115577
2350,37,0,0,0.110843
2351,34,0,0,0.107122
2352,31,0,0,0.104102
2353,39,0,0,0.101731
2354,38,0,0,0.100375
2355,28,0,0,0.100393
2356,38,0,0,0.101894
2357,34,0,0,0.104945
2358,35,0,0,0.110095
2359,39,0,0,0.117837
2360,32,0,0,0.128626
2361,37,0,0,0.14324
2362,33,0,0,0.162783
2363,36,0,0,0.188533
2364,36,0,0,0.22209
2365,33,0,0,0.265896
2366,34,0,0,0.324051
2367,33,0,0,0.401286
2368,35,0,0,0.503405
2369,38,0,0,0.640163
2370,33,0,0,0.82512
2371,35,0,0,1.07528
2372,43,0,0,1.40956
2373,36,0,0,1.84597
2374,35,2321,0,2.40901
2375,35,0,0,3.12742
2376,38,0,0,4.00695
2377,32,0,0,5.02996
2378,39,0,0,6.16402
2379,41,0,0,7.37411
2380,34,0,0,8.64223
2381,39,0,0,9.90719
2382,37,0,0,11.0458
2383,30,0,0,11.9292
2384,32,0,0,12.5096
2385,35,0,0,12.8071
2386,39,0,0,12.8948
2387,39,0,0,12.7909
2388,38,0,0,12.4592
2389,33,0,0,11.8988
2390,37,0,0,11.15
2391,31,0,0,10.2602
2392,36,0,0,9.27188
2393,35,0,0,8.23422
2394,31,0,0,7.1957
2395,42,0,0,6.1904
2396,38,0,0,5.24419
2397,35,0,0,4.38593
2398,29,0,0,3.63217
2399,41,0,0,2.98838
2400,34,0,0,2.44891
2401,40,0,0,2.00098
2402,32,0,0,1.63158
2403,35,0,0,1.32899
2404,38,0,0,1.08341
2405,34,0,0,0.885858
2406,34,0,0,0.727231
2407,39,0,0,0.600781
2408,30,0,0,0.49991
2409,33,0,0,0.419304
2410,39,0,0,0.355149
2411,43,0,0,0.304621
2412,35,0,0,0.264969
2413,32,0,0,0.233744
2414,36,0,0,0.209105
2415,30,0,0,0.189305
2416,34,0,0,0.173038
2417,39,0,0,0.159395
2418,36,0,0,0.148026
2419,37,0,0,0.1383
2420,38,0,0,0.129794
2421,37,0,0,0.122314
2422,34,0,0,0.11588
2423,35,0,0,0.110579
2424,37,0,0,0.106168
2425,34,0,0,0.102741
2426,33,0,0,0.100512
2427,37,0,0,0.0995833
2428,34,0,0,0.0999295
2429,36,0,0,0.1016
2430,39,0,0,0.104718
2431,32,0,0,0.109716
2432,29,0,0,0.117208
2433,35,0,0,0.127369
2434,37,0,0,0.140929
2435,36,0,0,0.15964
2436,32,0,0,0.185382
2437,33,0,0,0.219572
2438,34,0,0,0.264407
2439,35,0,0,0.323999
2440,30,0,0,0.401864
2441,31,0,0,0.503104
2442,39,0,0,0.638927
2443,31,0,0,0.825596
2444,40,0,0,1.07851
2445,33,0,0,1.41405
2446,31,0,0,1.85619
2447,30,2324,0,2.42905
2448,37,0,0,3.13585
2449,36,0,0,3.97922
2450,33,0,0,4.96889
2451,29,0,0,6.09792
2452,36,0,0,7.34558
2453,36,0,0,8.65346
2454,37,0,0,9.9362
2455,40,0,0,11.1038
2456,35,0,0,12.0545
2457,30,0,0,12.6942
2458,39,0,0,12.9994
2459,33,0,0,13.019
2460,38,0,0,12.8182
2461,38,0,0,12.4107
2462,38,0,0,11.8118
2463,36,0,0,11.0549
2464,35,0,0,10.1701
2465,34,0,0,9.19327
2466,34,0,0,8.17014
2467,34,0,0,7.14757
2468,31,0,0,6.16067
2469,33,0,0,5.23784
2470,38,0,0,4.39747
2471,34,0,0,3.65152
2472,39,0,0,3.00549
2473,36,0,0,2.45841
2474,37,0,0,2.00338
2475,33,0,0,1.62941
2476,39,0,0,1.325
2477,40,0,0,1.07904
2478,40,0,0,0.881666
2479,31,0,0,0.724117
2480,35,0,0,0.598476
2481,34,0,0,0.498857
2482,35,0,0,0.419845
2483,39,0,0,0.357159
2484,36,0,0,0.307515
2485,43,0,0,0.267999
2486,43,0,0,0.23619
2487,30,0,0,0.210522
2488,35,0,0,0.189763
2489,36,0,0,0.17291
2490,36,0,0,0.159045
2491,37,0,0,0.147325
2492,33,0,0,0.137293
2493,40,0,0,0.128576
2494,38,0,0,0.121336
2495,37,0,0,0.115165
2496,40,0,0,0.109787
2497,28,0,0,0.105294
2498,35,0,0,0.102142
2499,38,0,0,0.100374
2500,37,0,0,0.0994622
2501,36,0,0,0.0995645
2502,32,0,0,0.101087
2503,36,0,0,0.104218
2504,34,0,0,0.109486
2505,33,0,0,0.11704
2506,36,0,0,0.127022
2507,39,0,0,0.140313
2508,37,0,0,0.157922
2509,36,0,0,0.181672
2510,30,0,0,0.213938
2511,39,0,0,0.256725
2512,34,0,0,0.313606
2513,32,0,0,0.390445
2514,36,0,0,0.493521
2515,36,0,0,0.631832
2516,35,0,0,0.816031
2517,35,0,0,1.06136
2518,32,0,0,1.38491
2519,32,0,0,1.80947
2520,30,2304,1666,2.35997
2521,36,0,0,3.05634
2522,41,0,0,3.89652
2523,34,0,0,4.86565
2524,32,0,0,5.97356
2525,39,0,0,7.20332
2526,33,0,0,8.50387
2527,34,0,0,9.76336
2528,34,0,0,10.8564
2529,30,0,0,11.7371
2530,36,0,0,12.3507
2531,32,0,0,12.6732
2532,36,0,0,12.7348
2533,36,0,0,12.5693
2534,30,0,0,12.1997
2535,36,0,0,11.6376
2536,34,0,0,10.912
2537,38,0,0,10.0574
2538,30,0,0,9.10861
2539,38,0,0,8.11119
2540,30,0,0,7.10678
2541,34,0,0,6.12399
2542,38,0,0,5.1968
2543,36,0,0,4.3529
2544,33,0,0,3.61076
2545,37,0,0,2.97366
2546,38,0,0,2.43651
2547,29,0,0,1.98815
2548,31,0,0,1.61813
2549,36,0,0,1.31684
2550,31,0,0,1.0734
2551,31,0,0,0.877331
2552,34,0,0,0.720107
2553,34,0,0,0.594856
2554,37,0,0,0.495688
2555,36,0,0,0.417264
2556,36,0,0,0.355076
2557,27,0,0,0.305268
2558,37,0,0,0.26544
2559,39,0,0,0.233463
2560,32,0,0,0.207855
2561,30,0,0,0.187446
2562,33,0,0,0.171104
2563,39,0,0,0.157818
2564,34,0,0,0.146621
2565,33,0,0,0.136815
2566,35,0,0,0.128307
2567,39,0,0,0.121135
2568,39,0,0,0.115224
2569,32,0,0,0.110442
2570,43,0,0,0.106612
2571,39,0,0,0.103484
2572,38,0,0,0.101105
2573,33,0,0,0.0997677
2574,36,0,0,0.0999132
2575,34,0,0,0.101696
2576,30,0,0,0.105074
2577,30,0,0,0.1104
2578,33,0,0,0.118287
2579,38,0,0,0.129207
2580,36,0,0,0.143734
2581,33,0,0,0.162854
2582,37,0,0,0.188019
2583,37,0,0,0.220973
2584,34,0,0,0.263677
2585,36,0,0,0.319902
2586,30,0,0,0.395
2587,41,0,0,0.495418
2588,39,0,0,0.63064
2589,30,0,0,0.81442
2590,38,0,0,1.06665
2591,32,0,0,1.40292
2592,30,0,0,1.83991
2593,37,2297,1627,2.39767
2594,33,0,0,3.0903
2595,32,0,0,3.93915
2596,34,0,0,4.93454
2597,33,0,0,6.05087
2598,36,0,0,7.25629
2599,39,0,0,8.48679
2600,34,0,0,9.68113
2601,35,0,0,10.767
2602,40,0,0,11.6782
2603,41,0,0,12.3575
2604,29,0,0,12.765
2605,34,0,0,12.8959
2606,38,0,0,12.7565
2607,35,0,0,12.374
2608,34,0,0,11.783
2609,32,0,0,11.0244
2610,38,0,0,10.1379
2611,35,0,0,9.1599
2612,33,0,0,8.13402
2613,40,0,0,7.10498
2614,43,0,0,6.11962
2615,33,0,0,5.20271
2616,41,0,0,4.36592
2617,40,0,0,3.62339
2618,32,0,0,2.98474
2619,37,0,0,2.44619
2620,36,0,0,1.99519
2621,40,0,0,1.62331
2622,34,0,0,1.32075
2623,35,0,0,1.07603
2624,34,0,0,0.87951
2625,34,0,0,0.722562
2626,33,0,0,0.597587
2627,38,0,0,0.498251
2628,31,0,0,0.419297
2629,32,0,0,0.356513
2630,33,0,0,0.306799
2631,37,0,0,0.267569
2632,38,0,0,0.236318
2633,33,0,0,0.211103
2634,38,0,0,0.190403
2635,34,0,0,0.173046
2636,34,0,0,0.158392
2637,30,0,0,0.146128
2638,37,0,0,0.135932
2639,35,0,0,0.12736
2640,34,0,0,0.120022
2641,31,0,0,0.113552
2642,33,0,0,0.108152
2643,37,0,0,0.104139
2644,37,0,0,0.101387
2645,34,0,0,0.0997171
2646,35,0,0,0.099068
2647,35,0,0,0.0997269
2648,34,0,0,0.101801
2649,40,0,0,0.105369
2650,35,0,0,0.110858
2651,37,0,0,0.118431
2652,37,0,0,0.128486
2653,37,0,0,0.142165
2654,34,0,0,0.161041
2655,34,0,0,0.186189
2656,32,0,0,0.219379
2657,34,0,0,0.262955
2658,36,0,0,0.318935
2659,39,0,0,0.392533
2660,34,0,0,0.491082
2661,31,0,0,0.62605
2662,38,0,0,0.812594
2663,33,0,0,1.06427
2664,35,0,0,1.4009
2665,30,0,0,1.85291
2666,33,2315,1644,2.43899
2667,35,0,0,3.14886
2668,34,0,0,3.98439
2669,30,0,0,4.94798
2670,34,0,0,6.04926
2671,33,0,0,7.27336
2672,38,0,0,8.53481
2673,34,0,0,9.76567
2674,38,0,0,10.8935
2675,32,0,0,11.8133
2676,41,0,0,12.4668
2677,35,0,0,12.8606
2678,30,0,0,12.9878
2679,31,0,0,12.8383
2680,31,0,0,12.4378
2681,38,0,0,11.8373
2682,32,0,0,11.0827
2683,34,0,0,10.2046
2684,36,0,0,9.22285
2685,38,0,0,8.18859
2686,33,0,0,7.15642
2687,33,0,0,6.16427
2688,32,0,0,5.23909
2689,29,0,0,4.39786
2690,30,0,0,3.65148
2691,32,0,0,3.00518
2692,30,0,0,2.4584
2693,35,0,0,2.00327
2694,31,0,0,1.62954
2695,37,0,0,1.32513
2696,36,0,0,1.07885
2697,32,0,0,0.881235
2698,33,0,0,0.723599
2699,40,0,0,0.598173
2700,38,0,0,0.498549
2701,34,0,0,0.419523
2702,43,0,0,0.356631
2703,39,0,0,0.306514
2704,28,0,0,0.26694
2705,33,0,0,0.23586
2706,39,0,0,0.210915
2707,34,0,0,0.190277
2708,40,0,0,0.173184
2709,32,0,0,0.158983
2710,37,0,0,0.146998
2711,30,0,0,0.136887
2712,34,0,0,0.128344
2713,36,0,0,0.121196
2714,32,0,0,0.115222
2715,33,0,0,0.110228
2716,32,0,0,0.106172
2717,34,0,0,0.103024
2718,35,0,0,0.100866
2719,44,0,0,0.0998365
2720,36,0,0,0.0999354
2721,30,0,0,0.101273
2722,32,0,0,0.104186
2723,34,0,0,0.108976
2724,37,0,0,0.116435
2725,38,0,0,0.127078
2726,35,0,0,0.141383
2727,32,0,0,0.160398
2728,36,0,0,0.185189
2729,37,0,0,0.217665
2730,30,0,0,0.261944
2731,32,0,0,0.320728
2732,39,0,0,0.397021
2733,36,0,0,0.497659
2734,36,0,0,0.631816
2735,33,0,0,0.812117
2736,34,0,0,1.05405
2737,35,0,0,1.3798
2738,36,0,0,1.81459
2739,37,2276,1613,2.37828
2740,36,0,0,3.0936
2741,36,0,0,3.96811
2742,42,0,0,4.99555
2743,32,0,0,6.16776
2744,39,0,0,7.43515
2745,40,0,0,8.7116
2746,33,0,0,9.92169
2747,36,0,0,10.9998
2748,40,0,0,11.8616
2749,40,0,0,12.474
2750,36,0,0,12.8349
2751,33,0,0,12.9564
2752,38,0,0,12.8346
2753,37,0,0,12.4834
2754,38,0,0,11.9183
2755,36,0,0,11.1603
2756,35,0,0,10.2467
2757,29,0,0,9.24254
2758,35,0,0,8.20596
2759,39,0,0,7.17703
2760,36,0,0,6.18776
2761,33,0,0,5.26053
2762,31,0,0,4.41426
2763,39,0,0,3.6626
2764,38,0,0,3.01328
2765,36,0,0,2.464
2766,35,0,0,2.00778
2767,34,0,0,1.63229
2768,33,0,0,1.32682
2769,35,0,0,1.08088
2770,43,0,0,0.884005
2771,29,0,0,0.726607
2772,35,0,0,0.600589
2773,37,0,0,0.500102
2774,39,0,0,0.420436
2775,36,0,0,0.357334
2776,32,0,0,0.306916
2777,39,0,0,0.266582
2778,38,0,0,0.234249
2779,41,0,0,0.208161
2780,41,0,0,0.187238
2781,37,0,0,0.170293
2782,31,0,0,0.156519
2783,34,0,0,0.145332
2784,38,0,0,0.136005
2785,35,0,0,0.127902
2786,41,0,0,0.120715
2787,38,0,0,0.114518
2788,38,0,0,0.10943
2789,34,0,0,0.105447
2790,39,0,0,0.102744
2791,41,0,0,0.100992
2792,31,0,0,0.0999868
2793,30,0,0,0.100099
2794,32,0,0,0.101771
2795,37,0,0,0.105144
2796,36,0,0,0.110551
2797,29,0,0,0.118471
2798,34,0,0,0.129571
2799,34,0,0,0.144648
2800,40,0,0,0.164555
2801,33,0,0,0.190097
2802,37,0,0,0.222521
2803,37,0,0,0.264803
2804,40,0,0,0.320641
2805,33,0,0,0.395528
2806,32,0,0,0.497549
2807,40,0,0,0.635547
2808,34,0,0,0.822707
2809,38,0,0,1.07303
2810,40,0,0,1.39938
2811,33,0,0,1.82772
2812,36,2333,1581,2.38727
2813,41,0,0,3.0979
2814,32,0,0,3.96835
2815,34,0,0,4.99239
2816,34,0,0,6.1601
2817,38,0,0,7.42688
2818,28,0,0,8.71402
2819,41,0,0,9.93441
2820,34,0,0,11.0192
2821,42,0,0,11.9075
2822,40,0,0,12.5445
2823,37,0,0,12.9253
2824,35,0,0,13.0474
2825,31,0,0,12.9033
2826,30,0,0,12.4982
2827,34,0,0,11.8812
2828,29,0,0,11.1055
2829,37,0,0,10.2068
2830,32,0,0,9.22517
2831,37,0,0,8.19936
2832,38,0,0,7.16991
2833,34,0,0,6.17703
2834,37,0,0,5.25266
2835,35,0,0,4.41309
2836,35,0,0,3.66939
2837,34,0,0,3.02321
2838,36,0,0,2.47308
2839,33,0,0,2.01374
2840,34,0,0,1.63637
2841,33,0,0,1.32929
2842,39,0,0,1.0816
2843,44,0,0,0.883492
2844,33,0,0,0.725809
2845,36,0,0,0.600274
2846,41,0,0,0.5004
2847,32,0,0,0.421314
2848,35,0,0,0.358365
2849,33,0,0,0.308221
2850,33,0,0,0.268243
2851,29,0,0,0.236131
2852,37,0,0,0.210347
2853,38,0,0,0.189511
2854,37,0,0,0.172554
2855,34,0,0,0.158766
2856,36,0,0,0.147495
2857,35,0,0,0.138023
2858,36,0,0,0.129793
2859,35,0,0,0.122635
2860,30,0,0,0.116472
2861,35,0,0,0.11139
2862,39,0,0,0.107195
2863,41,0,0,0.103778
2864,37,0,0,0.101581
2865,32,0,0,0.100773
2866,37,0,0,0.101223
2867,35,0,0,0.102986
2868,36,0,0,0.1062
2869,30,0,0,0.111381
2870,34,0,0,0.119538
2871,31,0,0,0.131137
2872,32,0,0,0.145937
2873,37,0,0,0.164308
2874,38,0,0,0.188595
2875,32,0,0,0.222839
2876,36,0,0,0.269328
2877,36,0,0,0.329265
2878,38,0,0,0.407384
2879,35,0,0,0.512361
2880,41,0,0,0.654041
2881,41,0,0,0.842447
2882,32,0,0,1.09486
2883,37,0,0,1.43181
2884,36,0,0,1.87508
2885,39,2354,1622,2.45554
2886,37,0,0,3.19001
2887,29,0,0,4.06774
2888,40,0,0,5.07559
2889,33,0,0,6.21591
2890,32,0,0,7.47315
2891,36,0,0,8.76329
2892,37,0,0,10.0067
2893,35,0,0,11.139
2894,37,0,0,12.0634
2895,38,0,0,12.6943
2896,33,0,0,13.0207
2897,37,0,0,13.1088
2898,32,0,0,12.9853
2899,38,0,0,12.6343
2900,30,0,0,12.0509
2901,36,0,0,11.2708
2902,37,0,0,10.3599
2903,37,0,0,9.36057
2904,37,0,0,8.3144
2905,33,0,0,7.26543
2906,39,0,0,6.25049
2907,39,0,0,5.30424
2908,38,0,0,4.44674
2909,42,0,0,3.69045
2910,34,0,0,3.04018
2911,29,0,0,2.49268
2912,36,0,0,2.03617
2913,31,0,0,1.65969
2914,38,0,0,1.35041
2915,36,0,0,1.09893
2916,43,0,0,0.897074
2917,39,0,0,0.73582
2918,32,0,0,0.607513
2919,34,0,0,0.505598
2920,33,0,0,0.424847
2921,38,0,0,0.360604
2922,32,0,0,0.309768
2923,30,0,0,0.269754
2924,39,0,0,0.237601
2925,38,0,0,0.211573
2926,36,0,0,0.19065
2927,32,0,0,0.173959
2928,22,0,0,0.160144
2929,30,0,0,0.148281
2930,32,0,0,0.137931
2931,36,0,0,0.129295
2932,39,0,0,0.122255
2933,37,0,0,0.11645
2934,36,0,0,0.111677
2935,37,0,0,0.107532
2936,39,0,0,0.104218
2937,41,0,0,0.101804
2938,33,0,0,0.100302
2939,33,0,0,0.100142
2940,29,0,0,0.101836
2941,38,0,0,0.105298
2942,35,0,0,0.110485
2943,36,0,0,0.117688
2944,39,0,0,0.127702
2945,34,0,0,0.142354
2946,42,0,0,0.162837
2947,33,0,0,0.189635
2948,42,0,0,0.224346
2949,32,0,0,0.270553
2950,38,0,0,0.330946
2951,30,0,0,0.409476
2952,42,0,0,0.512672
2953,39,0,0,0.649934
2954,29,0,0,0.837834
2955,36,0,0,1.09087
2956,39,0,0,1.42896
2957,34,0,0,1.87696
2958,35,2351,1588,2.45672
2959,33,0,0,3.18955
2960,39,0,0,4.08434
2961,38,0,0,5.13413
2962,36,0,0,6.30876
2963,34,0,0,7.57537
2964,38,0,0,8.88365
2965,38,0,0,10.1553
2966,41,0,0,11.2837
2967,35,0,0,12.1806
2968,40,0,0,12.8111
2969,33,0,0,13.1652
2970,40,0,0,13.2482
2971,40,0,0,13.0748
2972,44,0,0,12.647
2973,40,0,0,12.0234
2974,35,0,0,11.2579
2975,33,0,0,10.3742
2976,38,0,0,9.39214
2977,36,0,0,8.35453
2978,30,0,0,7.30934
2979,37,0,0,6.29064
2980,29,0,0,5.33421
2981,35,0,0,4.46783
2982,33,0,0,3.70453
2983,32,0,0,3.0456
2984,36,0,0,2.48752
2985,34,0,0,2.02513
2986,31,0,0,1.64635
2987,30,0,0,1.33856
2988,37,0,0,1.09063
2989,32,0,0,0.892129
2990,34,0,0,0.733729
2991,31,0,0,0.607209
2992,31,0,0,0.506161
2993,36,0,0,0.425614
2994,36,0,0,0.361717
2995,35,0,0,0.311193
2996,38,0,0,0.271014
2997,36,0,0,0.238712
2998,39,0,0,0.21265
2999,41,0,0,0.191499
3000,33,0,0,0.174156
3001,29,0,0,0.159661
3002,39,0,0,0.147471
3003,36,0,0,0.137472
3004,36,0,0,0.129334
3005,32,0,0,0.122486
3006,33,0,0,0.116737
3007,31,0,0,0.111839
3008,33,0,0,0.107666
3009,34,0,0,0.104283
3010,39,0,0,0.101855
3011,35,0,0,0.100519
3012,33,0,0,0.100426
3013,37,0,0,0.102009
3014,38,0,0,0.105506
3015,37,0,0,0.110883
3016,39,0,0,0.118636
3017,37,0,0,0.129547
3018,35,0,0,0.144288
3019,34,0,0,0.164361
3020,35,0,0,0.190842
3021,40,0,0,0.224966
3022,37,0,0,0.269525
3023,36,0,0,0.32895
3024,35,0,0,0.408406
3025,37,0,0,0.514348
3026,41,0,0,0.655915
3027,38,0,0,0.845481
3028,32,0,0,1.10348
3029,27,0,0,1.44703
3030,33,0,0,1.88862
3031,35,2313,1650,2.45667
3032,39,0,0,3.18508
3033,36,0,0,4.07271
3034,38,0,0,5.09408
3035,38,0,0,6.23311
3036,39,0,0,7.48016
3037,37,0,0,8.78496
3038,32,0,0,10.0526
3039,35,0,0,11.1713
3040,36,0,0,12.064
3041,35,0,0,12.72
3042,33,0,0,13.1185
3043,36,0,0,13.2319
3044,40,0,0,13.0713
3045,36,0,0,12.6689
3046,31,0,0,12.0501
3047,36,0,0,11.2623
3048,39,0,0,10.3505
3049,37,0,0,9.35517
3050,34,0,0,8.31759
3051,29,0,0,7.27702
3052,31,0,0,6.26871
3053,38,0,0,5.32337
3054,38,0,0,4.46705
3055,33,0,0,3.71207
3056,39,0,0,3.0594
3057,39,0,0,2.5047
3058,30,0,0,2.04131
3059,33,0,0,1.65911
3060,35,0,0,1.34805
3061,35,0,0,1.0977
3062,37,0,0,0.897157
3063,33,0,0,0.737197
3064,34,0,0,0.609886
3065,31,0,0,0.508432
3066,37,0,0,0.427508
3067,37,0,0,0.363047
3068,40,0,0,0.312023
3069,37,0,0,0.271802
3070,39,0,0,0.239863
3071,37,0,0,0.214245
3072,37,0,0,0.193422
3073,32,0,0,0.17621
3074,41,0,0,0.161779
3075,36,0,0,0.149693
3076,44,0,0,0.139632
3077,35,0,0,0.131006
3078,35,0,0,0.123464
3079,38,0,0,0.116987
3080,36,0,0,0.111612
3081,33,0,0,0.107394
3082,35,0,0,0.104387
3083,35,0,0,0.102522
3084,37,0,0,0.101573
3085,33,0,0,0.101771
3086,32,0,0,0.10375
3087,36,0,0,0.107647
3088,38,0,0,0.113736
3089,37,0,0,0.122271
3090,33,0,0,0.133441
3091,32,0,0,0.147816
3092,38,0,0,0.165993
3093,35,0,0,0.190503
3094,41,0,0,0.225114
3095,39,0,0,0.271668
3096,40,0,0,0.332546
3097,39,0,0,0.413843
3098,27,0,0,0.523637
3099,34,0,0,0.671384
3100,30,0,0,0.868296
3101,38,0,0,1.12726
3102,32,0,0,1.4642
3103,36,0,0,1.8937
3104,38,2352,1650,2.44256
3105,36,0,0,3.14461
3106,33,0,0,4.01635
3107,34,0,0,5.05732
3108,42,0,0,6.24496
3109,33,0,0,7.54269
3110,40,0,0,8.9033
3111,36,0,0,10.2329
3112,38,0,0,11.4222
3113,34,0,0,12.3664
3114,32,0,0,13.0137
3115,34,0,0,13.3483
3116,40,0,0,13.4059
3117,38,0,0,13.2093
3118,32,0,0,12.7833
3119,39,0,0,12.1629
3120,37,0,0,11.3685
3121,37,0,0,10.4444
3122,32,0,0,9.44031
3123,31,0,0,8.3913
3124,35,0,0,7.33518
3125,27,0,0,6.31425
3126,34,0,0,5.36536
3127,35,0,0,4.50387
3128,38,0,0,3.74052
3129,35,0,0,3.08103
3130,39,0,0,2.52221
3131,35,0,0,2.05527
3132,34,0,0,1.66981
3133,31,0,0,1.35597
3134,37,0,0,1.10309
3135,30,0,0,0.900343
3136,36,0,0,0.738629
3137,40,0,0,0.610105
3138,42,0,0,0.508193
3139,32,0,0,0.427612
3140,42,0,0,0.364096
3141,33,0,0,0.313816
3142,32,0,0,0.273626
3143,35,0,0,0.241039
3144,35,0,0,0.214636
3145,35,0,0,0.19354
3146,38,0,0,0.176679
3147,35,0,0,0.162696
3148,36,0,0,0.150847
3149,33,0,0,0.140633
3150,31,0,0,0.131998
3151,36,0,0,0.124905
3152,40,0,0,0.118812
3153,43,0,0,0.113462
3154,36,0,0,0.109155
3155,38,0,0,0.105814
3156,35,0,0,0.103409
3157,39,0,0,0.102151
3158,41,0,0,0.102285
3159,37,0,0,0.104117
3160,33,0,0,0.107738
3161,37,0,0,0.113448
3162,37,0,0,0.121558
3163,33,0,0,0.132704
3164,34,0,0,0.147321
3165,40,0,0,0.166525
3166,29,0,0,0.192105
3167,28,0,0,0.225718
3168,36,0,0,0.271165
3169,36,0,0,0.332552
3170,38,0,0,0.413607
3171,33,0,0,0.520794
3172,41,0,0,0.6671
3173,35,0,0,0.86799
3174,34,0,0,1.13247
3175,35,0,0,1.46976
3176,35,0,0,1.90382
3177,30,2356,1646,2.47057
3178,40,0,0,3.18511
3179,41,0,0,4.06241
3180,38,0,0,5.10007
3181,31,0,0,6.25112
3182,38,0,0,7.47368
3183,37,0,0,8.74855
3184,38,0,0,10.0238
3185,33,0,0,11.1971
3186,27,0,0,12.1385
3187,36,0,0,12.7895
3188,33,0,0,13.1698
3189,42,0,0,13.2642
3190,38,0,0,13.1135
3191,33,0,0,12.7532
3192,31,0,0,12.1727
3193,30,0,0,11.3932
3194,35,0,0,10.4601
3195,30,0,0,9.44002
3196,40,0,0,8.38034
3197,37,0,0,7.32499
3198,35,0,0,6.30461
3199,32,0,0,5.34963
3200,31,0,0,4.48566
3201,32,0,0,3.7271
3202,36,0,0,3.07414
3203,35,0,0,2.51942
3204,36,0,0,2.0551
3205,35,0,0,1.67233
3206,28,0,0,1.35913
3207,32,0,0,1.1053
3208,32,0,0,0.902165
3209,44,0,0,0.740645
3210,36,0,0,0.61225
3211,34,0,0,0.509773
3212,30,0,0,0.428006
3213,39,0,0,0.3631
3214,33,0,0,0.311928
3215,38,0,0,0.271566
3216,40,0,0,0.239528
3217,35,0,0,0.2137
3218,37,0,0,0.192588
3219,41,0,0,0.175373
3220,34,0,0,0.161398
3221,38,0,0,0.149924
3222,39,0,0,0.140177
3223,36,0,0,0.131485
3224,39,0,0,0.123974
3225,40,0,0,0.117864
3226,35,0,0,0.113092
3227,38,0,0,0.109349
3228,39,0,0,0.106273
3229,39,0,0,0.103939
3230,36,0,0,0.102782
3231,38,0,0,0.103128
3232,34,0,0,0.105082
3233,31,0,0,0.108823
3234,40,0,0,0.114491
3235,28,0,0,0.122565
3236,35,0,0,0.133771
3237,34,0,0,0.148969
3238,38,0,0,0.169385
3239,36,0,0,0.196023
3240,35,0,0,0.230473
3241,35,0,0,0.275953
3242,30,0,0,0.337468
3243,33,0,0,0.420845
3244,38,0,0,0.533404
3245,36,0,0,0.682559
3246,34,0,0,0.879499
3247,38,0,0,1.14231
3248,34,0,0,1.49112
3249,35,0,0,1.94499
3250,35,2321,1635,2.52014
3251,32,0,0,3.23688
3252,37,0,0,4.1154
3253,40,0,0,5.16059
3254,34,0,0,6.35873
3255,40,0,0,7.6739
3256,30,0,0,9.01788
3257,36,0,0,10.274
3258,38,0,0,11.3856
3259,30,0,0,12.2845
3260,33,0,0,12.9091
3261,30,0,0,13.2515
3262,38,0,0,13.3285
3263,36,0,0,13.1568
3264,38,0,0,12.7691
3265,35,0,0,12.1855
3266,38,0,0,11.4321
3267,29,0,0,10.53
3268,33,0,0,9.52278
3269,35,0,0,8.46894
3270,34,0,0,7.4068
3271,40,0,0,6.37717
3272,34,0,0,5.416
3273,37,0,0,4.54596
3274,33,0,0,3.77694
3275,39,0,0,3.1107
3276,41,0,0,2.54433
3277,38,0,0,2.07171
3278,35,0,0,1.68357
3279,31,0,0,1.36811
3280,35,0,0,1.11403
3281,28,0,0,0.910648
3282,34,0,0,0.747976
3283,37,0,0,0.618191
3284,35,0,0,0.514964
3285,40,0,0,0.432964
3286,31,0,0,0.367938
3287,38,0,0,0.316585
3288,38,0,0,0.276005
3289,24,0,0,0.243379
3290,39,0,0,0.216851
3291,35,0,0,0.195429
3292,37,0,0,0.178067
3293,39,0,0,0.163724
3294,39,0,0,0.151743
3295,35,0,0,0.14173
3296,37,0,0,0.132969
3297,42,0,0,0.125277
3298,35,0,0,0.118596
3299,34,0,0,0.113008
3300,33,0,0,0.108813
3301,37,0,0,0.105945
3302,35,0,0,0.104242
3303,37,0,0,0.103555
3304,40,0,0,0.10387
3305,37,0,0,0.105422
3306,38,0,0,0.10864
3307,36,0,0,0.114195
3308,38,0,0,0.122632
3309,35,0,0,0.134238
3310,33,0,0,0.149594
3311,32,0,0,0.170039
3312,31,0,0,0.196441
3313,35,0,0,0.23032
3314,37,0,0,0.27444
3315,34,0,0,0.332973
3316,34,0,0,0.411727
3317,30,0,0,0.517899
3318,33,0,0,0.661669
3319,34,0,0,0.856023
3320,42,0,0,1.11698
3321,35,0,0,1.46418
3322,38,0,0,1.92488
3323,40,0,0,2.52269
3324,34,0,0,3.25696
3325,33,0,0,4.12828
3326,33,0,0,5.15598
3327,33,0,0,6.33858
3328,31,0,0,7.62575
3329,40,0,0,8.95273
3330,38,0,0,10.228
3331,34,0,0,11.37
3332,34,0,0,12.3296
3333,39,0,0,13.0686
3334,35,0,0,13.5437
3335,33,0,0,13.6944
3336,36,0,0,13.5368
3337,32,0,0,13.1182
3338,33,0,0,12.4727
3339,34,0,0,11.6398
3340,36,0,0,10.6672
3341,38,0,0,9.61751
3342,38,0,0,8.53824
3343,36,0,0,7.46436
3344,27,0,0,6.43029
3345,35,0,0,5.46561
3346,39,0,0,4.58831
3347,35,0,0,3.80828
3348,41,0,0,3.13509
3349,38,0,0,2.56765
3350,36,0,0,2.09449
3351,39,0,0,1.7043
3352,37,0,0,1.38638
3353,43,0,0,1.12963
3354,36,0,0,0.922921
3355,39,0,0,0.757042
3356,34,0,0,0.624708
3357,40,0,0,0.519691
3358,38,0,0,0.436575
