"Survey","nMassVaccinations_1","nMassVaccinations_2","nMassVaccinations_3","nMassVaccinations_4","nMassVaccinations_5","nMassVaccinations_6","nMassVaccinations_7","nMassVaccinations_8","Incidence"
1,0,0,0,0,0,0,0,0,0
2,0,0,0,0,0,0,0,0,13.81
3,0,0,0,0,0,0,0,0,13.69
4,0,0,0,0,0,0,0,0,13.59
5,0,0,0,0,0,0,0,0,14.16
6,0,0,0,0,0,0,0,0,13.8
7,0,0,0,0,0,0,0,0,13.4
8,0,0,0,0,0,0,0,0,13.91
9,0,0,0,0,0,0,0,0,13.68
10,0,0,0,0,0,0,0,0,13.41
11,0,0,0,0,0,0,0,0,13.4
12,0,0,0,0,0,0,0,0,13.15
13,0,0,0,0,0,0,0,0,13.69
14,0,0,0,0,0,0,0,0,13.61
15,0,0,0,0,0,0,0,0,13.53
16,0,0,0,0,0,0,0,0,13.72
17,0,0,0,0,0,0,0,0,13.44
18,0,0,0,0,0,0,0,0,14.22
19,0,0,0,0,0,0,0,0,13.78
20,0,0,0,0,0,0,0,0,13.22
21,0,0,0,0,0,0,0,0,13.53
22,0,0,0,0,0,0,0,0,13.63
23,0,0,0,0,0,0,0,0,13.32
24,0,0,0,0,0,0,0,0,13.65
25,0,0,0,0,0,0,0,0,13.36
26,0,0,0,0,0,0,0,0,13.58
27,0,0,0,0,0,0,0,0,13.59
28,0,0,0,0,0,0,0,0,13.37
29,0,0,0,0,0,0,0,0,13.89
30,0,0,0,0,0,0,0,0,13.96
31,0,0,0,0,0,0,0,0,14.04
32,0,0,0,0,0,0,0,0,13.58
33,0,0,0,0,0,0,0,0,13.47
34,0,0,0,0,0,0,0,0,13.41
35,0,0,0,0,0,0,0,0,13.75
36,0,0,0,0,0,0,0,0,13.01
37,0,0,0,0,0,0,0,0,13.26
38,0,0,0,0,0,0,0,0,14.44
39,0,0,0,0,0,0,0,0,13.75
40,0,0,0,0,0,0,0,0,13.75
41,0,0,0,0,0,0,0,0,14.18
42,0,0,0,0,0,0,0,0,13.49
43,0,0,0,0,0,0,0,0,13.59
44,0,0,0,0,0,0,0,0,13.83
45,0,0,0,0,0,0,0,0,14.36
46,0,0,0,0,0,0,0,0,13.16
47,0,0,0,0,0,0,0,0,13.25
48,0,0,0,0,0,0,0,0,13.71
49,0,0,0,0,0,0,0,0,13.02
50,0,0,0,0,0,0,0,0,13.45
51,0,0,0,0,0,0,0,0,13.77
52,0,0,0,0,0,0,0,0,13.72
53,0,0,0,0,0,0,0,0,13.56
54,0,0,0,0,0,0,0,0,14.05
55,0,0,0,0,0,0,0,0,13.97
56,0,0,0,0,0,0,0,0,12.93
57,0,0,0,0,0,0,0,0,13.39
58,0,0,0,0,0,0,0,0,13.13
59,0,0,0,0,0,0,0,0,13.65
60,0,0,0,0,0,0,0,0,13.51
61,0,0,0,0,0,0,0,0,13.68
62,0,0,0,0,0,0,0,0,13.58
63,0,0,0,0,0,0,0,0,13.42
64,0,0,0,0,0,0,0,0,13.58
65,0,0,0,0,0,0,0,0,14.05
66,0,0,0,0,0,0,0,0,13.4
67,0,0,0,0,0,0,0,0,13.28
68,0,0,0,0,0,0,0,0,13.52
69,0,0,0,0,0,0,0,0,13.68
70,0,0,0,0,0,0,0,0,14.04
71,0,0,0,0,0,0,0,0,13.93
72,0,0,0,0,0,0,0,0,13.82
73,0,0,0,0,0,0,0,0,13.95
74,0,0,0,0,0,0,0,0,13.54
75,0,0,0,0,0,0,0,0,14.04
76,0,0,0,0,0,0,0,0,13.3
77,0,0,0,0,0,0,0,0,13.83
78,0,0,0,0,0,0,0,0,14.01
79,0,0,0,0,0,0,0,0,13.42
80,0,0,0,0,0,0,0,0,13.3
81,0,0,0,0,0,0,0,0,13.62
82,0,0,0,0,0,0,0,0,13.9
83,0,0,0,0,0,0,0,0,14.05
84,0,0,0,0,0,0,0,0,14.04
85,0,0,0,0,0,0,0,0,13.96
86,0,0,0,0,0,0,0,0,14.16
87,0,0,0,0,0,0,0,0,13.56
88,0,0,0,0,0,0,0,0,13.96
89,0,0,0,0,0,0,0,0,13.58
90,0,0,0,0,0,0,0,0,13.18
91,0,0,0,0,0,0,0,0,13.47
92,0,0,0,0,0,0,0,0,13.75
93,0,0,0,0,0,0,0,0,13.99
94,0,0,0,0,0,0,0,0,14.05
95,0,0,0,0,0,0,0,0,14.13
96,0,0,0,0,0,0,0,0,13.94
97,0,0,0,0,0,0,0,0,12.94
98,0,0,0,0,0,0,0,0,13.26
99,0,0,0,0,0,0,0,0,13.26
100,0,0,0,0,0,0,0,0,13.47
101,0,0,0,0,0,0,0,0,13.66
102,0,0,0,0,0,0,0,0,13.62
103,0,0,0,0,0,0,0,0,13.19
104,0,0,0,0,0,0,0,0,13.3
105,0,0,0,0,0,0,0,0,14.35
106,0,0,0,0,0,0,0,0,13.9
107,0,0,0,0,0,0,0,0,13.66
108,0,0,0,0,0,0,0,0,13.1
109,0,0,0,0,0,0,0,0,13.73
110,0,0,0,0,0,0,0,0,13.59
111,0,0,0,0,0,0,0,0,13.1
112,0,0,0,0,0,0,0,0,13.05
113,0,0,0,0,0,0,0,0,13.69
114,0,0,0,0,0,0,0,0,14.13
115,0,0,0,0,0,0,0,0,12.93
116,0,0,0,0,0,0,0,0,13.41
117,0,0,0,0,0,0,0,0,13.5
118,0,0,0,0,0,0,0,0,13.63
119,0,0,0,0,0,0,0,0,13.54
120,0,0,0,0,0,0,0,0,13.53
121,0,0,0,0,0,0,0,0,13.26
122,0,0,0,0,0,0,0,0,13.99
123,0,0,0,0,0,0,0,0,13.52
124,0,0,0,0,0,0,0,0,13.62
125,0,0,0,0,0,0,0,0,14.3
126,0,0,0,0,0,0,0,0,13.53
127,0,0,0,0,0,0,0,0,13.15
128,0,0,0,0,0,0,0,0,13.87
129,0,0,0,0,0,0,0,0,13.7
130,0,0,0,0,0,0,0,0,13.62
131,0,0,0,0,0,0,0,0,13.21
132,0,0,0,0,0,0,0,0,13.4
133,0,0,0,0,0,0,0,0,14.03
134,0,0,0,0,0,0,0,0,13.61
135,0,0,0,0,0,0,0,0,14.04
136,0,0,0,0,0,0,0,0,13.27
137,0,0,0,0,0,0,0,0,13.94
138,0,0,0,0,0,0,0,0,13.65
139,0,0,0,0,0,0,0,0,13.94
140,0,0,0,0,0,0,0,0,14.26
141,0,0,0,0,0,0,0,0,13.35
142,0,0,0,0,0,0,0,0,14.06
143,0,0,0,0,0,0,0,0,13.18
144,0,0,0,0,0,0,0,0,13.32
145,0,0,0,0,0,0,0,0,13.38
146,0,0,0,0,0,0,0,0,13.35
147,0,0,0,0,0,0,0,0,13.56
148,0,0,0,0,0,0,0,0,13.26
149,0,0,0,0,0,0,0,0,13.89
150,0,0,0,0,0,0,0,0,13.06
151,0,0,0,0,0,0,0,0,13.43
152,0,0,0,0,0,0,0,0,13.61
153,0,0,0,0,0,0,0,0,13.29
154,0,0,0,0,0,0,0,0,14.35
155,0,0,0,0,0,0,0,0,13.94
156,0,0,0,0,0,0,0,0,13.96
157,0,0,0,0,0,0,0,0,13.37
158,0,0,0,0,0,0,0,0,13.02
159,0,0,0,0,0,0,0,0,13.57
160,0,0,0,0,0,0,0,0,14.3
161,0,0,0,0,0,0,0,0,13.5
162,0,0,0,0,0,0,0,0,12.95
163,0,0,0,0,0,0,0,0,13.76
164,0,0,0,0,0,0,0,0,14.01
165,0,0,0,0,0,0,0,0,13.66
166,0,0,0,0,0,0,0,0,14.1
167,0,0,0,0,0,0,0,0,12.95
168,0,0,0,0,0,0,0,0,13.38
169,0,0,0,0,0,0,0,0,13.3
170,0,0,0,0,0,0,0,0,13.53
171,0,0,0,0,0,0,0,0,13.77
172,0,0,0,0,0,0,0,0,13.2
173,0,0,0,0,0,0,0,0,14
174,0,0,0,0,0,0,0,0,13.26
175,0,0,0,0,0,0,0,0,13.86
176,0,0,0,0,0,0,0,0,13.77
177,0,0,0,0,0,0,0,0,13.49
178,0,0,0,0,0,0,0,0,13.47
179,0,0,0,0,0,0,0,0,14.25
180,0,0,0,0,0,0,0,0,13.78
181,0,0,0,0,0,0,0,0,13.1
182,0,0,0,0,0,0,0,0,13.6
183,0,0,0,0,0,0,0,0,14.02
184,0,0,0,0,0,0,0,0,13.76
185,0,0,0,0,0,0,0,0,13.39
186,0,0,0,0,0,0,0,0,13.6
187,0,0,0,0,0,0,0,0,13.39
188,0,0,0,0,0,0,0,0,13.37
189,0,0,0,0,0,0,0,0,13.49
190,0,0,0,0,0,0,0,0,13.75
191,0,0,0,0,0,0,0,0,14.3
192,0,0,0,0,0,0,0,0,14.46
193,0,0,0,0,0,0,0,0,13.36
194,0,0,0,0,0,0,0,0,13.8
195,0,0,0,0,0,0,0,0,13.68
196,0,0,0,0,0,0,0,0,13.88
197,0,0,0,0,0,0,0,0,13.87
198,0,0,0,0,0,0,0,0,13.44
199,0,0,0,0,0,0,0,0,13.51
200,0,0,0,0,0,0,0,0,14.01
201,0,0,0,0,0,0,0,0,14.33
202,0,0,0,0,0,0,0,0,13.56
203,0,0,0,0,0,0,0,0,13.86
204,0,0,0,0,0,0,0,0,13.62
205,0,0,0,0,0,0,0,0,13.73
206,0,0,0,0,0,0,0,0,13.96
207,0,0,0,0,0,0,0,0,13.8
208,0,0,0,0,0,0,0,0,13.88
209,0,0,0,0,0,0,0,0,13.9
210,0,0,0,0,0,0,0,0,13.65
211,0,0,0,0,0,0,0,0,13.29
212,0,0,0,0,0,0,0,0,13.46
213,0,0,0,0,0,0,0,0,14.05
214,0,0,0,0,0,0,0,0,13.73
215,0,0,0,0,0,0,0,0,13.72
216,0,0,0,0,0,0,0,0,14.49
217,0,0,0,0,0,0,0,0,13.27
218,0,0,0,0,0,0,0,0,13.4
219,0,0,0,0,0,0,0,0,13.33
220,0,0,0,0,0,0,0,0,14.22
221,0,0,0,0,0,0,0,0,13.53
222,0,0,0,0,0,0,0,0,13.81
223,0,0,0,0,0,0,0,0,13.85
224,0,0,0,0,0,0,0,0,14.05
225,0,0,0,0,0,0,0,0,13.58
226,0,0,0,0,0,0,0,0,13.77
227,0,0,0,0,0,0,0,0,13.1
228,0,0,0,0,0,0,0,0,13.56
229,0,0,0,0,0,0,0,0,13.34
230,0,0,0,0,0,0,0,0,13.69
231,0,0,0,0,0,0,0,0,13.54
232,0,0,0,0,0,0,0,0,13.74
233,0,0,0,0,0,0,0,0,13.16
234,0,0,0,0,0,0,0,0,14.19
235,0,0,0,0,0,0,0,0,14
236,0,0,0,0,0,0,0,0,13.59
237,0,0,0,0,0,0,0,0,13.78
238,0,0,0,0,0,0,0,0,13.49
239,0,0,0,0,0,0,0,0,13.55
240,0,0,0,0,0,0,0,0,13.44
241,0,0,0,0,0,0,0,0,13.39
242,0,0,0,0,0,0,0,0,14.2
243,0,0,0,0,0,0,0,0,13.67
244,0,0,0,0,0,0,0,0,13.52
245,0,0,0,0,0,0,0,0,13.13
246,0,0,0,0,0,0,0,0,13.61
247,0,0,0,0,0,0,0,0,13.35
248,0,0,0,0,0,0,0,0,13.87
249,0,0,0,0,0,0,0,0,13.9
250,0,0,0,0,0,0,0,0,13.75
251,0,0,0,0,0,0,0,0,13.13
252,0,0,0,0,0,0,0,0,14.07
253,0,0,0,0,0,0,0,0,13.37
254,0,0,0,0,0,0,0,0,14.02
255,0,0,0,0,0,0,0,0,13.98
256,0,0,0,0,0,0,0,0,13.66
257,0,0,0,0,0,0,0,0,13.45
258,0,0,0,0,0,0,0,0,13.42
259,0,0,0,0,0,0,0,0,13.39
260,0,0,0,0,0,0,0,0,13.58
261,0,0,0,0,0,0,0,0,14.06
262,0,0,0,0,0,0,0,0,14.11
263,0,0,0,0,0,0,0,0,14.18
264,0,0,0,0,0,0,0,0,13.87
265,0,0,0,0,0,0,0,0,13.34
266,0,0,0,0,0,0,0,0,13.71
267,0,0,0,0,0,0,0,0,13.82
268,0,0,0,0,0,0,0,0,13.1
269,0,0,0,0,0,0,0,0,13.34
270,0,0,0,0,0,0,0,0,13.39
271,0,0,0,0,0,0,0,0,14.14
272,0,0,0,0,0,0,0,0,13.45
273,0,0,0,0,0,0,0,0,13.61
274,0,0,0,0,0,0,0,0,14.18
275,0,0,0,0,0,0,0,0,13.89
276,0,0,0,0,0,0,0,0,13.44
277,0,0,0,0,0,0,0,0,14.16
278,0,0,0,0,0,0,0,0,13.53
279,0,0,0,0,0,0,0,0,13.51
280,0,0,0,0,0,0,0,0,14.45
281,0,0,0,0,0,0,0,0,13.74
282,0,0,0,0,0,0,0,0,13.78
283,0,0,0,0,0,0,0,0,13.58
284,0,0,0,0,0,0,0,0,13.21
285,0,0,0,0,0,0,0,0,13.44
286,0,0,0,0,0,0,0,0,13.07
287,0,0,0,0,0,0,0,0,13.87
288,0,0,0,0,0,0,0,0,13.22
289,0,0,0,0,0,0,0,0,13.67
290,0,0,0,0,0,0,0,0,13.63
291,0,0,0,0,0,0,0,0,13.85
292,0,0,0,0,0,0,0,0,13.33
293,0,0,0,0,0,0,0,0,14.07
294,0,0,0,0,0,0,0,0,13.49
295,0,0,0,0,0,0,0,0,14.42
296,0,0,0,0,0,0,0,0,13.36
297,0,0,0,0,0,0,0,0,12.57
298,0,0,0,0,0,0,0,0,13.89
299,0,0,0,0,0,0,0,0,13.67
300,0,0,0,0,0,0,0,0,13.72
301,0,0,0,0,0,0,0,0,13.99
302,0,0,0,0,0,0,0,0,13.31
303,0,0,0,0,0,0,0,0,13.97
304,0,0,0,0,0,0,0,0,13.93
305,0,0,0,0,0,0,0,0,13.47
306,0,0,0,0,0,0,0,0,13.62
307,0,0,0,0,0,0,0,0,13.8
308,0,0,0,0,0,0,0,0,13.65
309,0,0,0,0,0,0,0,0,13.62
310,0,0,0,0,0,0,0,0,13.41
311,0,0,0,0,0,0,0,0,13.28
312,0,0,0,0,0,0,0,0,14.06
313,0,0,0,0,0,0,0,0,13.48
314,0,0,0,0,0,0,0,0,13.81
315,0,0,0,0,0,0,0,0,13.59
316,0,0,0,0,0,0,0,0,14.22
317,0,0,0,0,0,0,0,0,13.37
318,0,0,0,0,0,0,0,0,13.66
319,0,0,0,0,0,0,0,0,14.12
320,0,0,0,0,0,0,0,0,13.37
321,0,0,0,0,0,0,0,0,13.8
322,0,0,0,0,0,0,0,0,12.98
323,0,0,0,0,0,0,0,0,13.28
324,0,0,0,0,0,0,0,0,14.09
325,0,0,0,0,0,0,0,0,13.58
326,0,0,0,0,0,0,0,0,13.57
327,0,0,0,0,0,0,0,0,13.9
328,0,0,0,0,0,0,0,0,14.04
329,0,0,0,0,0,0,0,0,13.69
330,0,0,0,0,0,0,0,0,13.38
331,0,0,0,0,0,0,0,0,13.76
332,0,0,0,0,0,0,0,0,14.15
333,0,0,0,0,0,0,0,0,13.9
334,0,0,0,0,0,0,0,0,14.13
335,0,0,0,0,0,0,0,0,14.29
336,0,0,0,0,0,0,0,0,12.87
337,0,0,0,0,0,0,0,0,13.36
338,0,0,0,0,0,0,0,0,13.59
339,0,0,0,0,0,0,0,0,13.34
340,0,0,0,0,0,0,0,0,13.73
341,0,0,0,0,0,0,0,0,12.69
342,0,0,0,0,0,0,0,0,13.83
343,0,0,0,0,0,0,0,0,14.03
344,0,0,0,0,0,0,0,0,13.92
345,0,0,0,0,0,0,0,0,13.88
346,0,0,0,0,0,0,0,0,13.46
347,0,0,0,0,0,0,0,0,13.75
348,0,0,0,0,0,0,0,0,13.62
349,0,0,0,0,0,0,0,0,13.96
350,0,0,0,0,0,0,0,0,14.3
351,0,0,0,0,0,0,0,0,13.21
352,0,0,0,0,0,0,0,0,13.99
353,0,0,0,0,0,0,0,0,13.64
354,0,0,0,0,0,0,0,0,13.39
355,0,0,0,0,0,0,0,0,14.19
356,0,0,0,0,0,0,0,0,14.14
357,0,0,0,0,0,0,0,0,14.17
358,0,0,0,0,0,0,0,0,13.85
359,0,0,0,0,0,0,0,0,13.87
360,0,0,0,0,0,0,0,0,13.65
361,0,0,0,0,0,0,0,0,13.36
362,0,0,0,0,0,0,0,0,13.62
363,0,0,0,0,0,0,0,0,13.8
364,0,0,0,0,0,0,0,0,14.26
365,0,0,0,0,0,0,0,0,13.11
366,0,0,0,0,0,0,0,0,13.48
367,0,0,0,0,0,0,0,0,14.2
368,0,0,0,0,0,0,0,0,14.4
369,0,0,0,0,0,0,0,0,13.72
370,0,0,0,0,0,0,0,0,13.28
371,0,0,0,0,0,0,0,0,13.4
372,0,0,0,0,0,0,0,0,13.6
373,0,0,0,0,0,0,0,0,14.01
374,0,0,0,0,0,0,0,0,13.33
375,0,0,0,0,0,0,0,0,14.21
376,0,0,0,0,0,0,0,0,13.2
377,0,0,0,0,0,0,0,0,13.6
378,0,0,0,0,0,0,0,0,13.6
379,0,0,0,0,0,0,0,0,14.05
380,0,0,0,0,0,0,0,0,13.56
381,0,0,0,0,0,0,0,0,14.44
382,0,0,0,0,0,0,0,0,13.38
383,0,0,0,0,0,0,0,0,14.1
384,0,0,0,0,0,0,0,0,13.32
385,0,0,0,0,0,0,0,0,14.18
386,0,0,0,0,0,0,0,0,13.81
387,0,0,0,0,0,0,0,0,14.18
388,0,0,0,0,0,0,0,0,13.47
389,0,0,0,0,0,0,0,0,14.02
390,0,0,0,0,0,0,0,0,13.4
391,0,0,0,0,0,0,0,0,13.65
392,0,0,0,0,0,0,0,0,14.02
393,0,0,0,0,0,0,0,0,13.55
394,0,0,0,0,0,0,0,0,13.4
395,0,0,0,0,0,0,0,0,13.94
396,0,0,0,0,0,0,0,0,14.77
397,0,0,0,0,0,0,0,0,13.97
398,0,0,0,0,0,0,0,0,13.85
399,0,0,0,0,0,0,0,0,13.93
400,0,0,0,0,0,0,0,0,13.91
401,0,0,0,0,0,0,0,0,13.26
402,0,0,0,0,0,0,0,0,13.51
403,0,0,0,0,0,0,0,0,13.64
404,0,0,0,0,0,0,0,0,13.5
405,0,0,0,0,0,0,0,0,13.5
406,0,0,0,0,0,0,0,0,13.19
407,0,0,0,0,0,0,0,0,13.31
408,0,0,0,0,0,0,0,0,13.7
409,0,0,0,0,0,0,0,0,13.45
410,0,0,0,0,0,0,0,0,14.07
411,0,0,0,0,0,0,0,0,13.52
412,0,0,0,0,0,0,0,0,14.22
413,0,0,0,0,0,0,0,0,14.17
414,0,0,0,0,0,0,0,0,13.37
415,0,0,0,0,0,0,0,0,14.26
416,0,0,0,0,0,0,0,0,13.53
417,0,0,0,0,0,0,0,0,13.06
418,0,0,0,0,0,0,0,0,13.3
419,0,0,0,0,0,0,0,0,13.73
420,0,0,0,0,0,0,0,0,14.78
421,0,0,0,0,0,0,0,0,13.35
422,0,0,0,0,0,0,0,0,13.63
423,0,0,0,0,0,0,0,0,13.6
424,0,0,0,0,0,0,0,0,13.85
425,0,0,0,0,0,0,0,0,13.51
426,0,0,0,0,0,0,0,0,13.25
427,0,0,0,0,0,0,0,0,13.91
428,0,0,0,0,0,0,0,0,13.39
429,0,0,0,0,0,0,0,0,13.62
430,0,0,0,0,0,0,0,0,14.23
431,0,0,0,0,0,0,0,0,14.2
432,0,0,0,0,0,0,0,0,13.53
433,0,0,0,0,0,0,0,0,13.46
434,0,0,0,0,0,0,0,0,13.83
435,0,0,0,0,0,0,0,0,13.77
436,0,0,0,0,0,0,0,0,14.04
437,0,0,0,0,0,0,0,0,13.21
438,0,0,0,0,0,0,0,0,13.7
439,0,0,0,0,0,0,0,0,14.08
440,0,0,0,0,0,0,0,0,13.43
441,0,0,0,0,0,0,0,0,13.27
442,0,0,0,0,0,0,0,0,13.27
443,0,0,0,0,0,0,0,0,13.59
444,0,0,0,0,0,0,0,0,12.84
445,0,0,0,0,0,0,0,0,13.55
446,0,0,0,0,0,0,0,0,13.9
447,0,0,0,0,0,0,0,0,13.58
448,0,0,0,0,0,0,0,0,13.78
449,0,0,0,0,0,0,0,0,13.44
450,0,0,0,0,0,0,0,0,13.83
451,0,0,0,0,0,0,0,0,13.42
452,0,0,0,0,0,0,0,0,13.6
453,0,0,0,0,0,0,0,0,14.08
454,0,0,0,0,0,0,0,0,13.65
455,0,0,0,0,0,0,0,0,13.12
456,0,0,0,0,0,0,0,0,14.02
457,0,0,0,0,0,0,0,0,12.92
458,0,0,0,0,0,0,0,0,13.33
459,0,0,0,0,0,0,0,0,13.37
460,0,0,0,0,0,0,0,0,13.27
461,0,0,0,0,0,0,0,0,14.31
462,0,0,0,0,0,0,0,0,13.3
463,0,0,0,0,0,0,0,0,13.95
464,0,0,0,0,0,0,0,0,13.67
465,0,0,0,0,0,0,0,0,13.94
466,0,0,0,0,0,0,0,0,13.72
467,0,0,0,0,0,0,0,0,13.68
468,0,0,0,0,0,0,0,0,13.52
469,0,0,0,0,0,0,0,0,13.57
470,0,0,0,0,0,0,0,0,13.35
471,0,0,0,0,0,0,0,0,13.87
472,0,0,0,0,0,0,0,0,13.59
473,0,0,0,0,0,0,0,0,12.94
474,0,0,0,0,0,0,0,0,13.45
475,0,0,0,0,0,0,0,0,13.81
476,0,0,0,0,0,0,0,0,13.28
477,0,0,0,0,0,0,0,0,13.79
478,0,0,0,0,0,0,0,0,13.59
479,0,0,0,0,0,0,0,0,13.39
480,0,0,0,0,0,0,0,0,13.38
481,0,0,0,0,0,0,0,0,13.9
482,0,0,0,0,0,0,0,0,13.78
483,0,0,0,0,0,0,0,0,13.23
484,0,0,0,0,0,0,0,0,14.39
485,0,0,0,0,0,0,0,0,13.63
486,0,0,0,0,0,0,0,0,13.69
487,0,0,0,0,0,0,0,0,13.75
488,0,0,0,0,0,0,0,0,13.98
489,0,0,0,0,0,0,0,0,13.8
490,0,0,0,0,0,0,0,0,14.03
491,0,0,0,0,0,0,0,0,13.88
492,0,0,0,0,0,0,0,0,13.94
493,0,0,0,0,0,0,0,0,13.78
494,0,0,0,0,0,0,0,0,13.09
495,0,0,0,0,0,0,0,0,13.5
496,0,0,0,0,0,0,0,0,14.38
497,0,0,0,0,0,0,0,0,12.79
498,0,0,0,0,0,0,0,0,14.72
499,0,0,0,0,0,0,0,0,13.78
500,0,0,0,0,0,0,0,0,13.78
501,0,0,0,0,0,0,0,0,13.78
502,0,0,0,0,0,0,0,0,13.95
503,0,0,0,0,0,0,0,0,14.33
504,0,0,0,0,0,0,0,0,13.86
505,0,0,0,0,0,0,0,0,13.66
506,0,0,0,0,0,0,0,0,13.71
507,0,0,0,0,0,0,0,0,13.94
508,0,0,0,0,0,0,0,0,13.77
509,0,0,0,0,0,0,0,0,13.77
510,0,0,0,0,0,0,0,0,13.45
511,0,0,0,0,0,0,0,0,13.79
512,0,0,0,0,0,0,0,0,13.66
513,0,0,0,0,0,0,0,0,14.12
514,0,0,0,0,0,0,0,0,13.87
515,0,0,0,0,0,0,0,0,13.53
516,0,0,0,0,0,0,0,0,14.41
517,0,0,0,0,0,0,0,0,13.63
518,0,0,0,0,0,0,0,0,13.48
519,0,0,0,0,0,0,0,0,13.8
520,0,0,0,0,0,0,0,0,14.05
521,0,0,0,0,0,0,0,0,13.56
522,0,0,0,0,0,0,0,0,13.45
523,0,0,0,0,0,0,0,0,13.8
524,0,0,0,0,0,0,0,0,13.99
525,0,0,0,0,0,0,0,0,14.01
526,0,0,0,0,0,0,0,0,13.94
527,0,0,0,0,0,0,0,0,13.84
528,0,0,0,0,0,0,0,0,13.56
529,0,0,0,0,0,0,0,0,13.59
530,0,0,0,0,0,0,0,0,13.51
531,0,0,0,0,0,0,0,0,14.09
532,0,0,0,0,0,0,0,0,14.31
533,0,0,0,0,0,0,0,0,13.83
534,0,0,0,0,0,0,0,0,13.95
535,0,0,0,0,0,0,0,0,12.77
536,0,0,0,0,0,0,0,0,13.45
537,0,0,0,0,0,0,0,0,13.69
538,0,0,0,0,0,0,0,0,13.84
539,0,0,0,0,0,0,0,0,14.02
540,0,0,0,0,0,0,0,0,13.43
541,0,0,0,0,0,0,0,0,13.99
542,0,0,0,0,0,0,0,0,13.69
543,0,0,0,0,0,0,0,0,13.85
544,0,0,0,0,0,0,0,0,13.75
545,0,0,0,0,0,0,0,0,13.39
546,0,0,0,0,0,0,0,0,13.14
547,0,0,0,0,0,0,0,0,13.62
548,0,0,0,0,0,0,0,0,13.52
549,0,0,0,0,0,0,0,0,13.87
550,0,0,0,0,0,0,0,0,13.54
551,0,0,0,0,0,0,0,0,13.62
552,0,0,0,0,0,0,0,0,13.49
553,0,0,0,0,0,0,0,0,14.59
554,0,0,0,0,0,0,0,0,13.45
555,0,0,0,0,0,0,0,0,13.72
556,0,0,0,0,0,0,0,0,13.8
557,0,0,0,0,0,0,0,0,13.52
558,0,0,0,0,0,0,0,0,13.82
559,0,0,0,0,0,0,0,0,13.81
560,0,0,0,0,0,0,0,0,14.04
561,0,0,0,0,0,0,0,0,13.32
562,0,0,0,0,0,0,0,0,13.58
563,0,0,0,0,0,0,0,0,13.93
564,0,0,0,0,0,0,0,0,14.21
565,0,0,0,0,0,0,0,0,13.16
566,0,0,0,0,0,0,0,0,14.22
567,0,0,0,0,0,0,0,0,13.59
568,0,0,0,0,0,0,0,0,13.56
569,0,0,0,0,0,0,0,0,13.7
570,0,0,0,0,0,0,0,0,13.75
571,0,0,0,0,0,0,0,0,13.65
572,0,0,0,0,0,0,0,0,13.55
573,0,0,0,0,0,0,0,0,13.5
574,0,0,0,0,0,0,0,0,13.6
575,0,0,0,0,0,0,0,0,13.7
576,0,0,0,0,0,0,0,0,13.24
577,0,0,0,0,0,0,0,0,13.92
578,0,0,0,0,0,0,0,0,13.81
579,0,0,0,0,0,0,0,0,14.63
580,0,0,0,0,0,0,0,0,13.75
581,0,0,0,0,0,0,0,0,14.02
582,0,0,0,0,0,0,0,0,13.48
583,0,0,0,0,0,0,0,0,13.53
584,0,0,0,0,0,0,0,0,13.41
585,0,0,0,0,0,0,0,0,13.62
586,0,0,0,0,0,0,0,0,13.4
587,0,0,0,0,0,0,0,0,13.76
588,0,0,0,0,0,0,0,0,14.14
589,0,0,0,0,0,0,0,0,13.91
590,0,0,0,0,0,0,0,0,13.5
591,0,0,0,0,0,0,0,0,14.12
592,0,0,0,0,0,0,0,0,13.66
593,0,0,0,0,0,0,0,0,14.16
594,0,0,0,0,0,0,0,0,13.45
595,0,0,0,0,0,0,0,0,13.37
596,0,0,0,0,0,0,0,0,13.87
597,0,0,0,0,0,0,0,0,13.63
598,0,0,0,0,0,0,0,0,14.26
599,0,0,0,0,0,0,0,0,13.85
600,0,0,0,0,0,0,0,0,13.36
601,0,0,0,0,0,0,0,0,13.8
602,0,0,0,0,0,0,0,0,14.05
603,0,0,0,0,0,0,0,0,13.44
604,0,0,0,0,0,0,0,0,13.24
605,0,0,0,0,0,0,0,0,13.83
606,0,0,0,0,0,0,0,0,13.96
607,0,0,0,0,0,0,0,0,13.25
608,0,0,0,0,0,0,0,0,13.57
609,0,0,0,0,0,0,0,0,14.49
610,0,0,0,0,0,0,0,0,13.32
611,0,0,0,0,0,0,0,0,12.74
612,0,0,0,0,0,0,0,0,13.96
613,0,0,0,0,0,0,0,0,14.1
614,0,0,0,0,0,0,0,0,13.71
615,0,0,0,0,0,0,0,0,14.1
616,0,0,0,0,0,0,0,0,13.74
617,0,0,0,0,0,0,0,0,13.97
618,0,0,0,0,0,0,0,0,14.19
619,0,0,0,0,0,0,0,0,14.03
620,0,0,0,0,0,0,0,0,14.31
621,0,0,0,0,0,0,0,0,13.76
622,0,0,0,0,0,0,0,0,13.1
623,0,0,0,0,0,0,0,0,13.59
624,0,0,0,0,0,0,0,0,13.94
625,0,0,0,0,0,0,0,0,13.92
626,0,0,0,0,0,0,0,0,13.44
627,0,0,0,0,0,0,0,0,13.75
628,0,0,0,0,0,0,0,0,14.04
629,0,0,0,0,0,0,0,0,13.6
630,0,0,0,0,0,0,0,0,13.43
631,0,0,0,0,0,0,0,0,14.01
632,0,0,0,0,0,0,0,0,13.83
633,0,0,0,0,0,0,0,0,13.28
634,0,0,0,0,0,0,0,0,13.56
635,0,0,0,0,0,0,0,0,13.68
636,0,0,0,0,0,0,0,0,14.14
637,0,0,0,0,0,0,0,0,13.05
638,0,0,0,0,0,0,0,0,13.82
639,0,0,0,0,0,0,0,0,13.76
640,0,0,0,0,0,0,0,0,14.24
641,0,0,0,0,0,0,0,0,14.12
642,0,0,0,0,0,0,0,0,13.58
643,0,0,0,0,0,0,0,0,13.87
644,0,0,0,0,0,0,0,0,13.61
645,0,0,0,0,0,0,0,0,13.43
646,0,0,0,0,0,0,0,0,12.92
647,0,0,0,0,0,0,0,0,13.39
648,0,0,0,0,0,0,0,0,13.96
649,0,0,0,0,0,0,0,0,14.09
650,0,0,0,0,0,0,0,0,14.25
651,0,0,0,0,0,0,0,0,13.6
652,0,0,0,0,0,0,0,0,13.26
653,0,0,0,0,0,0,0,0,14.38
654,0,0,0,0,0,0,0,0,13.35
655,0,0,0,0,0,0,0,0,13.38
656,0,0,0,0,0,0,0,0,14.03
657,0,0,0,0,0,0,0,0,14.14
658,0,0,0,0,0,0,0,0,13.42
659,0,0,0,0,0,0,0,0,13.75
660,0,0,0,0,0,0,0,0,13.91
661,0,0,0,0,0,0,0,0,13.72
662,0,0,0,0,0,0,0,0,13.91
663,0,0,0,0,0,0,0,0,13.73
664,0,0,0,0,0,0,0,0,13.48
665,0,0,0,0,0,0,0,0,13.8
666,0,0,0,0,0,0,0,0,13.91
667,0,0,0,0,0,0,0,0,14.1
668,0,0,0,0,0,0,0,0,12.92
669,0,0,0,0,0,0,0,0,13.49
670,0,0,0,0,0,0,0,0,13.32
671,0,0,0,0,0,0,0,0,13.69
672,0,0,0,0,0,0,0,0,14.13
673,0,0,0,0,0,0,0,0,13.58
674,0,0,0,0,0,0,0,0,13.23
675,0,0,0,0,0,0,0,0,13.51
676,0,0,0,0,0,0,0,0,13.78
677,0,0,0,0,0,0,0,0,13.65
678,0,0,0,0,0,0,0,0,14.19
679,0,0,0,0,0,0,0,0,13.8
680,0,0,0,0,0,0,0,0,14.26
681,0,0,0,0,0,0,0,0,13.06
682,0,0,0,0,0,0,0,0,13.47
683,0,0,0,0,0,0,0,0,13.42
684,0,0,0,0,0,0,0,0,13.8
685,0,0,0,0,0,0,0,0,13.36
686,0,0,0,0,0,0,0,0,13.67
687,0,0,0,0,0,0,0,0,13.95
688,0,0,0,0,0,0,0,0,13.99
689,0,0,0,0,0,0,0,0,13.79
690,0,0,0,0,0,0,0,0,13.39
691,0,0,0,0,0,0,0,0,13.84
692,0,0,0,0,0,0,0,0,13.68
693,0,0,0,0,0,0,0,0,12.64
694,0,0,0,0,0,0,0,0,13.48
695,0,0,0,0,0,0,0,0,13.45
696,0,0,0,0,0,0,0,0,13.36
697,0,0,0,0,0,0,0,0,14.4
698,0,0,0,0,0,0,0,0,13.11
699,0,0,0,0,0,0,0,0,13.64
700,0,0,0,0,0,0,0,0,13.48
701,0,0,0,0,0,0,0,0,13.16
702,0,0,0,0,0,0,0,0,13.76
703,0,0,0,0,0,0,0,0,14.21
704,0,0,0,0,0,0,0,0,13.62
705,0,0,0,0,0,0,0,0,12.93
706,0,0,0,0,0,0,0,0,14.22
707,0,0,0,0,0,0,0,0,13.35
708,0,0,0,0,0,0,0,0,13.57
709,0,0,0,0,0,0,0,0,14.21
710,0,0,0,0,0,0,0,0,13.27
711,0,0,0,0,0,0,0,0,13.97
712,0,0,0,0,0,0,0,0,13.41
713,0,0,0,0,0,0,0,0,13.18
714,0,0,0,0,0,0,0,0,12.83
715,0,0,0,0,0,0,0,0,13.55
716,0,0,0,0,0,0,0,0,13.81
717,0,0,0,0,0,0,0,0,13.47
718,0,0,0,0,0,0,0,0,13.9
719,0,0,0,0,0,0,0,0,14.22
720,0,0,0,0,0,0,0,0,13.47
721,0,0,0,0,0,0,0,0,13.55
722,0,0,0,0,0,0,0,0,13.28
723,0,0,0,0,0,0,0,0,13.82
724,0,0,0,0,0,0,0,0,13.97
725,0,0,0,0,0,0,0,0,13.61
726,0,0,0,0,0,0,0,0,13.74
727,0,0,0,0,0,0,0,0,13.56
728,0,0,0,0,0,0,0,0,13.59
729,0,0,0,0,0,0,0,0,13.67
730,0,0,0,0,0,0,0,0,12.99
731,0,0,0,0,0,0,0,0,14.24
732,0,0,0,0,0,0,0,0,13.3
733,0,0,0,0,0,0,0,0,13.32
734,0,0,0,0,0,0,0,0,13.73
735,0,0,0,0,0,0,0,0,13.65
736,0,0,0,0,0,0,0,0,13.49
737,0,0,0,0,0,0,0,0,13.04
738,0,0,0,0,0,0,0,0,13.7
739,0,0,0,0,0,0,0,0,13.4
740,0,0,0,0,0,0,0,0,13.99
741,0,0,0,0,0,0,0,0,13.6
742,0,0,0,0,0,0,0,0,14.01
743,0,0,0,0,0,0,0,0,13.79
744,0,0,0,0,0,0,0,0,13.7
745,0,0,0,0,0,0,0,0,14.19
746,0,0,0,0,0,0,0,0,13.43
747,0,0,0,0,0,0,0,0,13.91
748,0,0,0,0,0,0,0,0,13.22
749,0,0,0,0,0,0,0,0,13.28
750,0,0,0,0,0,0,0,0,13.24
751,0,0,0,0,0,0,0,0,13.8
752,0,0,0,0,0,0,0,0,13.38
753,0,0,0,0,0,0,0,0,13.57
754,0,0,0,0,0,0,0,0,13.93
755,0,0,0,0,0,0,0,0,13.08
756,0,0,0,0,0,0,0,0,14.07
757,0,0,0,0,0,0,0,0,13.34
758,0,0,0,0,0,0,0,0,13.83
759,0,0,0,0,0,0,0,0,14.44
760,0,0,0,0,0,0,0,0,13.71
761,0,0,0,0,0,0,0,0,13.47
762,0,0,0,0,0,0,0,0,13.44
763,0,0,0,0,0,0,0,0,14.15
764,0,0,0,0,0,0,0,0,14.08
765,0,0,0,0,0,0,0,0,13.71
766,0,0,0,0,0,0,0,0,13.29
767,0,0,0,0,0,0,0,0,12.68
768,0,0,0,0,0,0,0,0,13.28
769,0,0,0,0,0,0,0,0,13.74
770,0,0,0,0,0,0,0,0,13.99
771,0,0,0,0,0,0,0,0,13.6
772,0,0,0,0,0,0,0,0,13.43
773,0,0,0,0,0,0,0,0,13.13
774,0,0,0,0,0,0,0,0,13.3
775,0,0,0,0,0,0,0,0,13.49
776,0,0,0,0,0,0,0,0,13.97
777,0,0,0,0,0,0,0,0,13.4
778,0,0,0,0,0,0,0,0,13.42
779,0,0,0,0,0,0,0,0,13.18
780,0,0,0,0,0,0,0,0,13.97
781,0,0,0,0,0,0,0,0,13.76
782,0,0,0,0,0,0,0,0,13.14
783,0,0,0,0,0,0,0,0,13.48
784,0,0,0,0,0,0,0,0,13.83
785,0,0,0,0,0,0,0,0,13.63
786,0,0,0,0,0,0,0,0,12.87
787,0,0,0,0,0,0,0,0,13.97
788,0,0,0,0,0,0,0,0,14.34
789,0,0,0,0,0,0,0,0,12.75
790,0,0,0,0,0,0,0,0,13.42
791,0,0,0,0,0,0,0,0,13.47
792,0,0,0,0,0,0,0,0,13.25
793,0,0,0,0,0,0,0,0,13.66
794,0,0,0,0,0,0,0,0,13.62
795,0,0,0,0,0,0,0,0,13.01
796,0,0,0,0,0,0,0,0,13.94
797,0,0,0,0,0,0,0,0,13.68
798,0,0,0,0,0,0,0,0,13.02
799,0,0,0,0,0,0,0,0,13.64
800,0,0,0,0,0,0,0,0,12.99
801,0,0,0,0,0,0,0,0,13.81
802,0,0,0,0,0,0,0,0,13.08
803,0,0,0,0,0,0,0,0,13.93
804,0,0,0,0,0,0,0,0,14.05
805,0,0,0,0,0,0,0,0,13.22
806,0,0,0,0,0,0,0,0,12.97
807,0,0,0,0,0,0,0,0,13.67
808,0,0,0,0,0,0,0,0,12.78
809,0,0,0,0,0,0,0,0,13.93
810,0,0,0,0,0,0,0,0,14.12
811,0,0,0,0,0,0,0,0,13.34
812,0,0,0,0,0,0,0,0,13.15
813,0,0,0,0,0,0,0,0,13.41
814,0,0,0,0,0,0,0,0,13.89
815,0,0,0,0,0,0,0,0,13.51
816,0,0,0,0,0,0,0,0,13.61
817,0,0,0,0,0,0,0,0,13.32
818,0,0,0,0,0,0,0,0,14.22
819,0,0,0,0,0,0,0,0,13.11
820,0,0,0,0,0,0,0,0,12.96
821,0,0,0,0,0,0,0,0,13.91
822,0,0,0,0,0,0,0,0,14.03
823,0,0,0,0,0,0,0,0,13.65
824,0,0,0,0,0,0,0,0,13.92
825,0,0,0,0,0,0,0,0,14.16
826,0,0,0,0,0,0,0,0,13.38
827,0,0,0,0,0,0,0,0,13.49
828,0,0,0,0,0,0,0,0,13.64
829,0,0,0,0,0,0,0,0,13.37
830,0,0,0,0,0,0,0,0,13.91
831,0,0,0,0,0,0,0,0,13.58
832,0,0,0,0,0,0,0,0,13.77
833,0,0,0,0,0,0,0,0,14.18
834,0,0,0,0,0,0,0,0,13.68
835,0,0,0,0,0,0,0,0,13.31
836,0,0,0,0,0,0,0,0,13.83
837,0,0,0,0,0,0,0,0,13.6
838,0,0,0,0,0,0,0,0,13.61
839,0,0,0,0,0,0,0,0,13.56
840,0,0,0,0,0,0,0,0,13.78
841,0,0,0,0,0,0,0,0,13.86
842,0,0,0,0,0,0,0,0,12.93
843,0,0,0,0,0,0,0,0,14.42
844,0,0,0,0,0,0,0,0,14
845,0,0,0,0,0,0,0,0,13.89
846,0,0,0,0,0,0,0,0,14.18
847,0,0,0,0,0,0,0,0,13.93
848,0,0,0,0,0,0,0,0,13.51
849,0,0,0,0,0,0,0,0,13.45
850,0,0,0,0,0,0,0,0,14.04
851,0,0,0,0,0,0,0,0,13.68
852,0,0,0,0,0,0,0,0,14.01
853,0,0,0,0,0,0,0,0,13.98
854,0,0,0,0,0,0,0,0,13.96
855,0,0,0,0,0,0,0,0,14.03
856,0,0,0,0,0,0,0,0,13.27
857,0,0,0,0,0,0,0,0,14.04
858,0,0,0,0,0,0,0,0,14.37
859,0,0,0,0,0,0,0,0,13.42
860,0,0,0,0,0,0,0,0,13.73
861,0,0,0,0,0,0,0,0,13.74
862,0,0,0,0,0,0,0,0,13.63
863,0,0,0,0,0,0,0,0,13.58
864,0,0,0,0,0,0,0,0,14.36
865,0,0,0,0,0,0,0,0,13.4
866,0,0,0,0,0,0,0,0,13.92
867,0,0,0,0,0,0,0,0,13.87
868,0,0,0,0,0,0,0,0,14.32
869,0,0,0,0,0,0,0,0,13.19
870,0,0,0,0,0,0,0,0,14.05
871,0,0,0,0,0,0,0,0,13.84
872,0,0,0,0,0,0,0,0,13.51
873,0,0,0,0,0,0,0,0,13.63
874,0,0,0,0,0,0,0,0,13.47
875,0,0,0,0,0,0,0,0,13.65
876,0,0,0,0,0,0,0,0,13.7
877,0,0,0,0,0,0,0,0,13.68
878,0,0,0,0,0,0,0,0,13.79
879,0,0,0,0,0,0,0,0,14.73
880,0,0,0,0,0,0,0,0,14.68
881,0,0,0,0,0,0,0,0,13.72
882,0,0,0,0,0,0,0,0,13.8
883,0,0,0,0,0,0,0,0,14.09
884,0,0,0,0,0,0,0,0,14.31
885,0,0,0,0,0,0,0,0,13.88
886,0,0,0,0,0,0,0,0,13.84
887,0,0,0,0,0,0,0,0,14.11
888,0,0,0,0,0,0,0,0,13.73
889,0,0,0,0,0,0,0,0,14.13
890,0,0,0,0,0,0,0,0,13.82
891,0,0,0,0,0,0,0,0,13.59
892,0,0,0,0,0,0,0,0,13.78
893,0,0,0,0,0,0,0,0,13.75
894,0,0,0,0,0,0,0,0,14.07
895,0,0,0,0,0,0,0,0,13.56
896,0,0,0,0,0,0,0,0,14
897,0,0,0,0,0,0,0,0,13.67
898,0,0,0,0,0,0,0,0,13.36
899,0,0,0,0,0,0,0,0,13.92
900,0,0,0,0,0,0,0,0,13.9
901,0,0,0,0,0,0,0,0,14.29
902,0,0,0,0,0,0,0,0,13.64
903,0,0,0,0,0,0,0,0,13.61
904,0,0,0,0,0,0,0,0,13.22
905,0,0,0,0,0,0,0,0,13.8
906,0,0,0,0,0,0,0,0,13.88
907,0,0,0,0,0,0,0,0,13.86
908,0,0,0,0,0,0,0,0,13.33
909,0,0,0,0,0,0,0,0,13.45
910,0,0,0,0,0,0,0,0,13.88
911,0,0,0,0,0,0,0,0,14.43
912,0,0,0,0,0,0,0,0,13.54
913,0,0,0,0,0,0,0,0,13.96
914,0,0,0,0,0,0,0,0,13.58
915,0,0,0,0,0,0,0,0,13.86
916,0,0,0,0,0,0,0,0,13.94
917,0,0,0,0,0,0,0,0,13.14
918,0,0,0,0,0,0,0,0,13.53
919,0,0,0,0,0,0,0,0,14.59
920,0,0,0,0,0,0,0,0,13.81
921,0,0,0,0,0,0,0,0,13.03
922,0,0,0,0,0,0,0,0,14.04
923,0,0,0,0,0,0,0,0,13.39
924,0,0,0,0,0,0,0,0,13.11
925,0,0,0,0,0,0,0,0,13.72
926,0,0,0,0,0,0,0,0,14.17
927,0,0,0,0,0,0,0,0,13.52
928,0,0,0,0,0,0,0,0,13.79
929,0,0,0,0,0,0,0,0,13.48
930,0,0,0,0,0,0,0,0,14.08
931,0,0,0,0,0,0,0,0,13.67
932,0,0,0,0,0,0,0,0,13.41
933,0,0,0,0,0,0,0,0,14.18
934,0,0,0,0,0,0,0,0,13.87
935,0,0,0,0,0,0,0,0,14.16
936,0,0,0,0,0,0,0,0,13.53
937,0,0,0,0,0,0,0,0,13.66
938,0,0,0,0,0,0,0,0,13.52
939,0,0,0,0,0,0,0,0,13.9
940,0,0,0,0,0,0,0,0,13.27
941,0,0,0,0,0,0,0,0,13.62
942,0,0,0,0,0,0,0,0,13.72
943,0,0,0,0,0,0,0,0,13.8
944,0,0,0,0,0,0,0,0,13.42
945,0,0,0,0,0,0,0,0,13.9
946,0,0,0,0,0,0,0,0,14.03
947,0,0,0,0,0,0,0,0,13.48
948,0,0,0,0,0,0,0,0,14.21
949,0,0,0,0,0,0,0,0,14.05
950,0,0,0,0,0,0,0,0,13.58
951,0,0,0,0,0,0,0,0,13.94
952,0,0,0,0,0,0,0,0,14.08
953,0,0,0,0,0,0,0,0,14.07
954,0,0,0,0,0,0,0,0,13.28
955,0,0,0,0,0,0,0,0,13.67
956,0,0,0,0,0,0,0,0,13.68
957,0,0,0,0,0,0,0,0,14.37
958,0,0,0,0,0,0,0,0,13.12
959,0,0,0,0,0,0,0,0,13.23
960,0,0,0,0,0,0,0,0,13.6
961,0,0,0,0,0,0,0,0,13.94
962,0,0,0,0,0,0,0,0,13.92
963,0,0,0,0,0,0,0,0,13.79
964,0,0,0,0,0,0,0,0,13.78
965,0,0,0,0,0,0,0,0,13.61
966,0,0,0,0,0,0,0,0,13.73
967,0,0,0,0,0,0,0,0,13.41
968,0,0,0,0,0,0,0,0,13.74
969,0,0,0,0,0,0,0,0,13.83
970,0,0,0,0,0,0,0,0,13.56
971,0,0,0,0,0,0,0,0,14.16
972,0,0,0,0,0,0,0,0,13.47
973,0,0,0,0,0,0,0,0,13.78
974,0,0,0,0,0,0,0,0,12.97
975,0,0,0,0,0,0,0,0,13.89
976,0,0,0,0,0,0,0,0,13.64
977,0,0,0,0,0,0,0,0,13.33
978,0,0,0,0,0,0,0,0,13.76
979,0,0,0,0,0,0,0,0,13.68
980,0,0,0,0,0,0,0,0,13.34
981,0,0,0,0,0,0,0,0,13.88
982,0,0,0,0,0,0,0,0,13.8
983,0,0,0,0,0,0,0,0,13.76
984,0,0,0,0,0,0,0,0,13.91
985,0,0,0,0,0,0,0,0,13.7
986,0,0,0,0,0,0,0,0,13.49
987,0,0,0,0,0,0,0,0,13.85
988,0,0,0,0,0,0,0,0,13.4
989,0,0,0,0,0,0,0,0,14.5
990,0,0,0,0,0,0,0,0,13.61
991,0,0,0,0,0,0,0,0,14.07
992,0,0,0,0,0,0,0,0,13.52
993,0,0,0,0,0,0,0,0,12.55
994,0,0,0,0,0,0,0,0,14.05
995,0,0,0,0,0,0,0,0,13.16
996,0,0,0,0,0,0,0,0,13.91
997,0,0,0,0,0,0,0,0,14.06
998,0,0,0,0,0,0,0,0,13.45
999,0,0,0,0,0,0,0,0,13.64
1000,0,0,0,0,0,0,0,0,13.15
1001,0,0,0,0,0,0,0,0,13.62
1002,0,0,0,0,0,0,0,0,13.2
1003,0,0,0,0,0,0,0,0,13.69
1004,0,0,0,0,0,0,0,0,13.25
1005,0,0,0,0,0,0,0,0,13.83
1006,0,0,0,0,0,0,0,0,13.77
1007,0,0,0,0,0,0,0,0,13.62
1008,0,0,0,0,0,0,0,0,13.49
1009,0,0,0,0,0,0,0,0,13.83
1010,0,0,0,0,0,0,0,0,13.56
1011,0,0,0,0,0,0,0,0,13.42
1012,0,0,0,0,0,0,0,0,13.44
1013,0,0,0,0,0,0,0,0,13.88
1014,0,0,0,0,0,0,0,0,13.4
1015,0,0,0,0,0,0,0,0,13.43
1016,0,0,0,0,0,0,0,0,13.56
1017,0,0,0,0,0,0,0,0,13.12
1018,0,0,0,0,0,0,0,0,13.77
1019,0,0,0,0,0,0,0,0,13.72
1020,0,0,0,0,0,0,0,0,14.1
1021,0,0,0,0,0,0,0,0,13.72
1022,0,0,0,0,0,0,0,0,13.43
1023,0,0,0,0,0,0,0,0,13.51
1024,0,0,0,0,0,0,0,0,14.35
1025,0,0,0,0,0,0,0,0,14.36
1026,0,0,0,0,0,0,0,0,13.32
1027,0,0,0,0,0,0,0,0,14.2
1028,0,0,0,0,0,0,0,0,12.54
1029,0,0,0,0,0,0,0,0,14
1030,0,0,0,0,0,0,0,0,13.9
1031,0,0,0,0,0,0,0,0,13.48
1032,0,0,0,0,0,0,0,0,13.84
1033,0,0,0,0,0,0,0,0,13.45
1034,0,0,0,0,0,0,0,0,13.78
1035,0,0,0,0,0,0,0,0,13.12
1036,0,0,0,0,0,0,0,0,13.62
1037,0,0,0,0,0,0,0,0,13.64
1038,0,0,0,0,0,0,0,0,14.12
1039,0,0,0,0,0,0,0,0,13.88
1040,0,0,0,0,0,0,0,0,13.32
1041,0,0,0,0,0,0,0,0,12.91
1042,0,0,0,0,0,0,0,0,13.3
1043,0,0,0,0,0,0,0,0,13.93
1044,0,0,0,0,0,0,0,0,13.65
1045,0,0,0,0,0,0,0,0,13.54
1046,0,0,0,0,0,0,0,0,13.64
1047,0,0,0,0,0,0,0,0,14.04
1048,0,0,0,0,0,0,0,0,13.49
1049,0,0,0,0,0,0,0,0,13.03
1050,0,0,0,0,0,0,0,0,13.71
1051,0,0,0,0,0,0,0,0,13.63
1052,0,0,0,0,0,0,0,0,13.48
1053,0,0,0,0,0,0,0,0,13.13
1054,0,0,0,0,0,0,0,0,13.84
1055,0,0,0,0,0,0,0,0,14.05
1056,0,0,0,0,0,0,0,0,12.96
1057,0,0,0,0,0,0,0,0,13.4
1058,0,0,0,0,0,0,0,0,14.3
1059,0,0,0,0,0,0,0,0,14.09
1060,0,0,0,0,0,0,0,0,13.4
1061,0,0,0,0,0,0,0,0,13.88
1062,0,0,0,0,0,0,0,0,13.97
1063,0,0,0,0,0,0,0,0,13.53
1064,0,0,0,0,0,0,0,0,13.89
1065,0,0,0,0,0,0,0,0,13.39
1066,0,0,0,0,0,0,0,0,13.56
1067,0,0,0,0,0,0,0,0,13.54
1068,0,0,0,0,0,0,0,0,14.09
1069,0,0,0,0,0,0,0,0,13.14
1070,0,0,0,0,0,0,0,0,13.53
1071,0,0,0,0,0,0,0,0,13.9
1072,0,0,0,0,0,0,0,0,13.72
1073,0,0,0,0,0,0,0,0,13.49
1074,0,0,0,0,0,0,0,0,13.6
1075,0,0,0,0,0,0,0,0,13.5
1076,0,0,0,0,0,0,0,0,13.6
1077,0,0,0,0,0,0,0,0,13.4
1078,0,0,0,0,0,0,0,0,13.52
1079,0,0,0,0,0,0,0,0,12.56
1080,0,0,0,0,0,0,0,0,13.49
1081,0,0,0,0,0,0,0,0,13.75
1082,0,0,0,0,0,0,0,0,13.76
1083,0,0,0,0,0,0,0,0,13.58
1084,0,0,0,0,0,0,0,0,13.59
1085,0,0,0,0,0,0,0,0,13.05
1086,0,0,0,0,0,0,0,0,13.03
1087,0,0,0,0,0,0,0,0,13.49
1088,0,0,0,0,0,0,0,0,14.53
1089,0,0,0,0,0,0,0,0,13.9
1090,0,0,0,0,0,0,0,0,13.62
1091,0,0,0,0,0,0,0,0,13.56
1092,0,0,0,0,0,0,0,0,13.87
1093,0,0,0,0,0,0,0,0,13.61
1094,0,0,0,0,0,0,0,0,14.03
1095,0,0,0,0,0,0,0,0,14.2
1096,0,0,0,0,0,0,0,0,12.68
1097,0,0,0,0,0,0,0,0,13.81
1098,0,0,0,0,0,0,0,0,13.56
1099,0,0,0,0,0,0,0,0,13.66
1100,0,0,0,0,0,0,0,0,13.85
1101,0,0,0,0,0,0,0,0,13.92
1102,0,0,0,0,0,0,0,0,14.33
1103,0,0,0,0,0,0,0,0,14.29
1104,0,0,0,0,0,0,0,0,13.46
1105,0,0,0,0,0,0,0,0,13.96
1106,0,0,0,0,0,0,0,0,13.66
1107,0,0,0,0,0,0,0,0,13.5
1108,0,0,0,0,0,0,0,0,13.37
1109,0,0,0,0,0,0,0,0,12.84
1110,0,0,0,0,0,0,0,0,14.16
1111,0,0,0,0,0,0,0,0,13.63
1112,0,0,0,0,0,0,0,0,13.7
1113,0,0,0,0,0,0,0,0,14.47
1114,0,0,0,0,0,0,0,0,13.79
1115,0,0,0,0,0,0,0,0,14.45
1116,0,0,0,0,0,0,0,0,13.44
1117,0,0,0,0,0,0,0,0,12.94
1118,0,0,0,0,0,0,0,0,14.11
1119,0,0,0,0,0,0,0,0,13.5
1120,0,0,0,0,0,0,0,0,13.8
1121,0,0,0,0,0,0,0,0,14
1122,0,0,0,0,0,0,0,0,13.95
1123,0,0,0,0,0,0,0,0,13.99
1124,0,0,0,0,0,0,0,0,14.02
1125,0,0,0,0,0,0,0,0,14.27
1126,0,0,0,0,0,0,0,0,13.3
1127,0,0,0,0,0,0,0,0,14.16
1128,0,0,0,0,0,0,0,0,13.44
1129,0,0,0,0,0,0,0,0,13.7
1130,0,0,0,0,0,0,0,0,14.19
1131,0,0,0,0,0,0,0,0,13.93
1132,0,0,0,0,0,0,0,0,14.07
1133,0,0,0,0,0,0,0,0,13.63
1134,0,0,0,0,0,0,0,0,13.96
1135,0,0,0,0,0,0,0,0,13.31
1136,0,0,0,0,0,0,0,0,13.6
1137,0,0,0,0,0,0,0,0,14.04
1138,0,0,0,0,0,0,0,0,13.52
1139,0,0,0,0,0,0,0,0,13.53
1140,0,0,0,0,0,0,0,0,13.91
1141,0,0,0,0,0,0,0,0,13.73
1142,0,0,0,0,0,0,0,0,13.45
1143,0,0,0,0,0,0,0,0,13.38
1144,0,0,0,0,0,0,0,0,13.45
1145,0,0,0,0,0,0,0,0,14.02
1146,0,0,0,0,0,0,0,0,13.59
1147,0,0,0,0,0,0,0,0,13.7
1148,0,0,0,0,0,0,0,0,13.61
1149,0,0,0,0,0,0,0,0,13.75
1150,0,0,0,0,0,0,0,0,13.56
1151,0,0,0,0,0,0,0,0,14.11
1152,0,0,0,0,0,0,0,0,13.33
1153,0,0,0,0,0,0,0,0,13.38
1154,0,0,0,0,0,0,0,0,13.16
1155,0,0,0,0,0,0,0,0,14.18
1156,0,0,0,0,0,0,0,0,14.25
1157,0,0,0,0,0,0,0,0,13.78
1158,0,0,0,0,0,0,0,0,13.01
1159,0,0,0,0,0,0,0,0,13.68
1160,0,0,0,0,0,0,0,0,13.56
1161,0,0,0,0,0,0,0,0,13.57
1162,0,0,0,0,0,0,0,0,12.96
1163,0,0,0,0,0,0,0,0,13.55
1164,0,0,0,0,0,0,0,0,13.53
1165,0,0,0,0,0,0,0,0,13.45
1166,0,0,0,0,0,0,0,0,13.7
1167,0,0,0,0,0,0,0,0,13.77
1168,0,0,0,0,0,0,0,0,13.87
1169,0,0,0,0,0,0,0,0,13.65
1170,0,0,0,0,0,0,0,0,13.32
1171,0,0,0,0,0,0,0,0,13.85
1172,0,0,0,0,0,0,0,0,13.64
1173,0,0,0,0,0,0,0,0,13.5
1174,0,0,0,0,0,0,0,0,14.08
1175,0,0,0,0,0,0,0,0,13.59
1176,0,0,0,0,0,0,0,0,13.79
1177,0,0,0,0,0,0,0,0,14.13
1178,0,0,0,0,0,0,0,0,13.02
1179,0,0,0,0,0,0,0,0,13.25
1180,0,0,0,0,0,0,0,0,13.82
1181,0,0,0,0,0,0,0,0,13.77
1182,0,0,0,0,0,0,0,0,13.61
1183,0,0,0,0,0,0,0,0,13.6
1184,0,0,0,0,0,0,0,0,13.89
1185,0,0,0,0,0,0,0,0,14.08
1186,0,0,0,0,0,0,0,0,13.45
1187,0,0,0,0,0,0,0,0,14.44
1188,0,0,0,0,0,0,0,0,14.07
1189,0,0,0,0,0,0,0,0,14.18
1190,0,0,0,0,0,0,0,0,13.28
1191,0,0,0,0,0,0,0,0,13.64
1192,0,0,0,0,0,0,0,0,13.7
1193,0,0,0,0,0,0,0,0,14.05
1194,0,0,0,0,0,0,0,0,13.99
1195,0,0,0,0,0,0,0,0,13.89
1196,0,0,0,0,0,0,0,0,13.21
1197,0,0,0,0,0,0,0,0,13.64
1198,0,0,0,0,0,0,0,0,13.87
1199,0,0,0,0,0,0,0,0,14.09
1200,0,0,0,0,0,0,0,0,13.22
1201,0,0,0,0,0,0,0,0,13.21
1202,0,0,0,0,0,0,0,0,13.39
1203,0,0,0,0,0,0,0,0,13.73
1204,0,0,0,0,0,0,0,0,13.98
1205,0,0,0,0,0,0,0,0,13.59
1206,0,0,0,0,0,0,0,0,13.89
1207,0,0,0,0,0,0,0,0,13.51
1208,0,0,0,0,0,0,0,0,13.62
1209,0,0,0,0,0,0,0,0,14.24
1210,0,0,0,0,0,0,0,0,13.75
1211,0,0,0,0,0,0,0,0,13.28
1212,0,0,0,0,0,0,0,0,13.29
1213,0,0,0,0,0,0,0,0,13.8
1214,0,0,0,0,0,0,0,0,13.74
1215,0,0,0,0,0,0,0,0,13.68
1216,0,0,0,0,0,0,0,0,13.33
1217,0,0,0,0,0,0,0,0,13.84
1218,0,0,0,0,0,0,0,0,13.24
1219,0,0,0,0,0,0,0,0,13.92
1220,0,0,0,0,0,0,0,0,14.14
1221,0,0,0,0,0,0,0,0,13.93
1222,0,0,0,0,0,0,0,0,13.41
1223,0,0,0,0,0,0,0,0,13.95
1224,0,0,0,0,0,0,0,0,14.13
1225,0,0,0,0,0,0,0,0,13.36
1226,0,0,0,0,0,0,0,0,13.84
1227,0,0,0,0,0,0,0,0,13.86
1228,0,0,0,0,0,0,0,0,13.57
1229,0,0,0,0,0,0,0,0,14.19
1230,0,0,0,0,0,0,0,0,12.98
1231,0,0,0,0,0,0,0,0,13.8
1232,0,0,0,0,0,0,0,0,14.49
1233,0,0,0,0,0,0,0,0,13.49
1234,0,0,0,0,0,0,0,0,13.48
1235,0,0,0,0,0,0,0,0,13.53
1236,0,0,0,0,0,0,0,0,13.92
1237,0,0,0,0,0,0,0,0,14.04
1238,0,0,0,0,0,0,0,0,13.93
1239,0,0,0,0,0,0,0,0,14.15
1240,0,0,0,0,0,0,0,0,13.37
1241,0,0,0,0,0,0,0,0,13.36
1242,0,0,0,0,0,0,0,0,13.88
1243,0,0,0,0,0,0,0,0,13.76
1244,0,0,0,0,0,0,0,0,13.68
1245,0,0,0,0,0,0,0,0,13.17
1246,0,0,0,0,0,0,0,0,13.77
1247,0,0,0,0,0,0,0,0,14.07
1248,0,0,0,0,0,0,0,0,14.42
1249,0,0,0,0,0,0,0,0,14.38
1250,0,0,0,0,0,0,0,0,14.49
1251,0,0,0,0,0,0,0,0,13.67
1252,0,0,0,0,0,0,0,0,13.11
1253,0,0,0,0,0,0,0,0,13.27
1254,0,0,0,0,0,0,0,0,13.83
1255,0,0,0,0,0,0,0,0,13.83
1256,0,0,0,0,0,0,0,0,13.84
1257,0,0,0,0,0,0,0,0,13.9
1258,0,0,0,0,0,0,0,0,13.88
1259,0,0,0,0,0,0,0,0,13.83
1260,0,0,0,0,0,0,0,0,13.66
1261,0,0,0,0,0,0,0,0,14.3
1262,0,0,0,0,0,0,0,0,13.58
1263,0,0,0,0,0,0,0,0,13.93
1264,0,0,0,0,0,0,0,0,13.45
1265,0,0,0,0,0,0,0,0,13.6
1266,0,0,0,0,0,0,0,0,14.24
1267,0,0,0,0,0,0,0,0,13.71
1268,0,0,0,0,0,0,0,0,13.56
1269,0,0,0,0,0,0,0,0,13.59
1270,0,0,0,0,0,0,0,0,13.33
1271,0,0,0,0,0,0,0,0,13.24
1272,0,0,0,0,0,0,0,0,14.15
1273,0,0,0,0,0,0,0,0,14
1274,0,0,0,0,0,0,0,0,13.98
1275,0,0,0,0,0,0,0,0,14.03
1276,0,0,0,0,0,0,0,0,14.08
1277,0,0,0,0,0,0,0,0,13.57
1278,0,0,0,0,0,0,0,0,12.97
1279,0,0,0,0,0,0,0,0,12.9
1280,0,0,0,0,0,0,0,0,14
1281,0,0,0,0,0,0,0,0,14.05
1282,0,0,0,0,0,0,0,0,13.85
1283,0,0,0,0,0,0,0,0,13.93
1284,0,0,0,0,0,0,0,0,13.76
1285,0,0,0,0,0,0,0,0,13.71
1286,0,0,0,0,0,0,0,0,13.9
1287,0,0,0,0,0,0,0,0,13.17
1288,0,0,0,0,0,0,0,0,13.81
1289,0,0,0,0,0,0,0,0,13.89
1290,0,0,0,0,0,0,0,0,14.2
1291,0,0,0,0,0,0,0,0,13.39
1292,0,0,0,0,0,0,0,0,13.96
1293,0,0,0,0,0,0,0,0,13.75
1294,0,0,0,0,0,0,0,0,13.56
1295,0,0,0,0,0,0,0,0,13.35
1296,0,0,0,0,0,0,0,0,14.29
1297,0,0,0,0,0,0,0,0,13.36
1298,0,0,0,0,0,0,0,0,14.2
1299,0,0,0,0,0,0,0,0,13.54
1300,0,0,0,0,0,0,0,0,14.07
1301,0,0,0,0,0,0,0,0,13.25
1302,0,0,0,0,0,0,0,0,13.3
1303,0,0,0,0,0,0,0,0,13.34
1304,0,0,0,0,0,0,0,0,13.17
1305,0,0,0,0,0,0,0,0,13.48
1306,0,0,0,0,0,0,0,0,14.03
1307,0,0,0,0,0,0,0,0,13.51
1308,0,0,0,0,0,0,0,0,13.51
1309,0,0,0,0,0,0,0,0,13.85
1310,0,0,0,0,0,0,0,0,13.39
1311,0,0,0,0,0,0,0,0,13.85
1312,0,0,0,0,0,0,0,0,13.59
1313,0,0,0,0,0,0,0,0,13.81
1314,0,0,0,0,0,0,0,0,13.75
1315,0,0,0,0,0,0,0,0,13.22
1316,0,0,0,0,0,0,0,0,13.72
1317,0,0,0,0,0,0,0,0,13.91
1318,0,0,0,0,0,0,0,0,13.61
1319,0,0,0,0,0,0,0,0,13.62
1320,0,0,0,0,0,0,0,0,13.38
1321,0,0,0,0,0,0,0,0,13.23
1322,0,0,0,0,0,0,0,0,13.81
1323,0,0,0,0,0,0,0,0,13.99
1324,0,0,0,0,0,0,0,0,13.66
1325,0,0,0,0,0,0,0,0,13.5
1326,0,0,0,0,0,0,0,0,13.47
1327,0,0,0,0,0,0,0,0,13.92
1328,0,0,0,0,0,0,0,0,13.17
1329,0,0,0,0,0,0,0,0,14.31
1330,0,0,0,0,0,0,0,0,13.07
1331,0,0,0,0,0,0,0,0,13.79
1332,0,0,0,0,0,0,0,0,13.6
1333,0,0,0,0,0,0,0,0,13.67
1334,0,0,0,0,0,0,0,0,13.59
1335,0,0,0,0,0,0,0,0,13.83
1336,0,0,0,0,0,0,0,0,14.29
1337,0,0,0,0,0,0,0,0,13.61
1338,0,0,0,0,0,0,0,0,13.9
1339,0,0,0,0,0,0,0,0,13.27
1340,0,0,0,0,0,0,0,0,13.2
1341,0,0,0,0,0,0,0,0,14.29
1342,0,0,0,0,0,0,0,0,14.09
1343,0,0,0,0,0,0,0,0,13.58
1344,0,0,0,0,0,0,0,0,13.67
1345,0,0,0,0,0,0,0,0,13.46
1346,0,0,0,0,0,0,0,0,12.91
1347,0,0,0,0,0,0,0,0,13.12
1348,0,0,0,0,0,0,0,0,13.51
1349,0,0,0,0,0,0,0,0,13.79
1350,0,0,0,0,0,0,0,0,13.41
1351,0,0,0,0,0,0,0,0,14.46
1352,0,0,0,0,0,0,0,0,13.42
1353,0,0,0,0,0,0,0,0,13.29
1354,0,0,0,0,0,0,0,0,13.98
1355,0,0,0,0,0,0,0,0,13.83
1356,0,0,0,0,0,0,0,0,14.13
1357,0,0,0,0,0,0,0,0,13.63
1358,0,0,0,0,0,0,0,0,13.58
1359,0,0,0,0,0,0,0,0,13.42
1360,0,0,0,0,0,0,0,0,13.68
1361,0,0,0,0,0,0,0,0,13.84
1362,0,0,0,0,0,0,0,0,12.87
1363,0,0,0,0,0,0,0,0,13.41
1364,0,0,0,0,0,0,0,0,13.71
1365,0,0,0,0,0,0,0,0,13.74
1366,0,0,0,0,0,0,0,0,13.73
1367,0,0,0,0,0,0,0,0,13.35
1368,0,0,0,0,0,0,0,0,14.16
1369,0,0,0,0,0,0,0,0,13.29
1370,0,0,0,0,0,0,0,0,13.06
1371,0,0,0,0,0,0,0,0,13.67
1372,0,0,0,0,0,0,0,0,14.2
1373,0,0,0,0,0,0,0,0,14.05
1374,0,0,0,0,0,0,0,0,14.06
1375,0,0,0,0,0,0,0,0,13.43
1376,0,0,0,0,0,0,0,0,13.57
1377,0,0,0,0,0,0,0,0,12.81
1378,0,0,0,0,0,0,0,0,13.58
1379,0,0,0,0,0,0,0,0,14.05
1380,0,0,0,0,0,0,0,0,13.01
1381,0,0,0,0,0,0,0,0,13.4
1382,0,0,0,0,0,0,0,0,13.62
1383,0,0,0,0,0,0,0,0,13.22
1384,0,0,0,0,0,0,0,0,13.1
1385,0,0,0,0,0,0,0,0,13.93
1386,0,0,0,0,0,0,0,0,13.11
1387,0,0,0,0,0,0,0,0,13.73
1388,0,0,0,0,0,0,0,0,13.2
1389,0,0,0,0,0,0,0,0,13.85
1390,0,0,0,0,0,0,0,0,14.1
1391,0,0,0,0,0,0,0,0,13.57
1392,0,0,0,0,0,0,0,0,14.12
1393,0,0,0,0,0,0,0,0,13.21
1394,0,0,0,0,0,0,0,0,13.77
1395,0,0,0,0,0,0,0,0,13.56
1396,0,0,0,0,0,0,0,0,13.74
1397,0,0,0,0,0,0,0,0,13.95
1398,0,0,0,0,0,0,0,0,13.06
1399,0,0,0,0,0,0,0,0,13.63
1400,0,0,0,0,0,0,0,0,13.53
1401,0,0,0,0,0,0,0,0,13.65
1402,0,0,0,0,0,0,0,0,12.57
1403,0,0,0,0,0,0,0,0,13.39
1404,0,0,0,0,0,0,0,0,13.67
1405,0,0,0,0,0,0,0,0,13.49
1406,0,0,0,0,0,0,0,0,13.19
1407,0,0,0,0,0,0,0,0,13.99
1408,0,0,0,0,0,0,0,0,13.27
1409,0,0,0,0,0,0,0,0,13.1
1410,0,0,0,0,0,0,0,0,13.37
1411,0,0,0,0,0,0,0,0,13.56
1412,0,0,0,0,0,0,0,0,13.88
1413,0,0,0,0,0,0,0,0,13.92
1414,0,0,0,0,0,0,0,0,13.18
1415,0,0,0,0,0,0,0,0,14.32
1416,0,0,0,0,0,0,0,0,13.31
1417,0,0,0,0,0,0,0,0,13.72
1418,0,0,0,0,0,0,0,0,13.5
1419,0,0,0,0,0,0,0,0,13.65
1420,0,0,0,0,0,0,0,0,13.3
1421,0,0,0,0,0,0,0,0,13.75
1422,0,0,0,0,0,0,0,0,13.17
1423,0,0,0,0,0,0,0,0,14.07
1424,0,0,0,0,0,0,0,0,13.63
1425,0,0,0,0,0,0,0,0,13.73
1426,0,0,0,0,0,0,0,0,13.37
1427,0,0,0,0,0,0,0,0,13.98
1428,0,0,0,0,0,0,0,0,13.86
1429,0,0,0,0,0,0,0,0,13.45
1430,0,0,0,0,0,0,0,0,13.34
1431,0,0,0,0,0,0,0,0,14.06
1432,0,0,0,0,0,0,0,0,13.81
1433,0,0,0,0,0,0,0,0,13.21
1434,0,0,0,0,0,0,0,0,13.59
1435,0,0,0,0,0,0,0,0,13.42
1436,0,0,0,0,0,0,0,0,14.07
1437,0,0,0,0,0,0,0,0,13.35
1438,0,0,0,0,0,0,0,0,14.49
1439,0,0,0,0,0,0,0,0,13.79
1440,0,0,0,0,0,0,0,0,13.17
1441,0,0,0,0,0,0,0,0,13.65
1442,0,0,0,0,0,0,0,0,13.43
1443,0,0,0,0,0,0,0,0,13.81
1444,0,0,0,0,0,0,0,0,13.55
1445,0,0,0,0,0,0,0,0,13.01
1446,0,0,0,0,0,0,0,0,13.46
1447,0,0,0,0,0,0,0,0,13.26
1448,0,0,0,0,0,0,0,0,13.41
1449,0,0,0,0,0,0,0,0,13.46
1450,0,0,0,0,0,0,0,0,13.72
1451,0,0,0,0,0,0,0,0,13.08
1452,0,0,0,0,0,0,0,0,12.99
1453,0,0,0,0,0,0,0,0,13.06
1454,0,0,0,0,0,0,0,0,13.31
1455,0,0,0,0,0,0,0,0,12.97
1456,0,0,0,0,0,0,0,0,13.05
1457,0,0,0,0,0,0,0,0,12.87
1458,0,0,0,0,0,0,0,0,13.04
1459,0,0,0,0,0,0,0,0,13.33
1460,0,0,0,0,0,0,0,0,12.98
1461,0,0,0,0,0,0,0,0,13.66
1462,0,0,0,0,0,0,0,0,12.87
1463,0,0,0,0,0,0,0,0,13.47
1464,0,0,0,0,0,0,0,0,13.78
1465,0,0,0,0,0,0,0,0,13.34
1466,0,0,0,0,0,0,0,0,13.19
1467,0,0,0,0,0,0,0,0,13.48
1468,0,0,0,0,0,0,0,0,13.43
1469,0,0,0,0,0,0,0,0,13.08
1470,0,0,0,0,0,0,0,0,12.75
1471,0,0,0,0,0,0,0,0,13.18
1472,0,0,0,0,0,0,0,0,13.93
1473,0,0,0,0,0,0,0,0,13.14
1474,0,0,0,0,0,0,0,0,13.51
1475,0,0,0,0,0,0,0,0,13.02
1476,0,0,0,0,0,0,0,0,13.02
1477,0,0,0,0,0,0,0,0,13.3
1478,0,0,0,0,0,0,0,0,13.03
1479,0,0,0,0,0,0,0,0,13.4
1480,0,0,0,0,0,0,0,0,13.23
1481,0,0,0,0,0,0,0,0,13.27
1482,0,0,0,0,0,0,0,0,13.08
1483,0,0,0,0,0,0,0,0,13.19
1484,0,0,0,0,0,0,0,0,13.31
1485,0,0,0,0,0,0,0,0,13.71
1486,0,0,0,0,0,0,0,0,13.35
1487,0,0,0,0,0,0,0,0,13.26
1488,0,0,0,0,0,0,0,0,13.21
1489,0,0,0,0,0,0,0,0,13.37
1490,0,0,0,0,0,0,0,0,12.67
1491,0,0,0,0,0,0,0,0,12.92
1492,0,0,0,0,0,0,0,0,13.15
1493,0,0,0,0,0,0,0,0,13.7
1494,0,0,0,0,0,0,0,0,13.14
1495,0,0,0,0,0,0,0,0,13.15
1496,0,0,0,0,0,0,0,0,13.62
1497,0,0,0,0,0,0,0,0,13.22
1498,0,0,0,0,0,0,0,0,12.92
1499,0,0,0,0,0,0,0,0,13.98
1500,0,0,0,0,0,0,0,0,13.47
1501,0,0,0,0,0,0,0,0,13.78
1502,0,0,0,0,0,0,0,0,12.67
1503,0,0,0,0,0,0,0,0,13.21
1504,0,0,0,0,0,0,0,0,13.04
1505,0,0,0,0,0,0,0,0,13.58
1506,0,0,0,0,0,0,0,0,13.71
1507,0,0,0,0,0,0,0,0,13.43
1508,0,0,0,0,0,0,0,0,13.64
1509,0,0,0,0,0,0,0,0,13.18
1510,0,0,0,0,0,0,0,0,13.71
1511,0,0,0,0,0,0,0,0,13.84
1512,0,0,0,0,0,0,0,0,13.09
1513,0,0,0,0,0,0,0,0,13.25
1514,0,0,0,0,0,0,0,0,13.73
1515,0,0,0,0,0,0,0,0,13.05
1516,0,0,0,0,0,0,0,0,13.41
1517,0,0,0,0,0,0,0,0,13.54
1518,0,0,0,0,0,0,0,0,14.3
1519,0,0,0,0,0,0,0,0,13.08
1520,0,0,0,0,0,0,0,0,13.72
1521,0,0,0,0,0,0,0,0,13.42
1522,0,0,0,0,0,0,0,0,13.46
1523,0,0,0,0,0,0,0,0,12.81
1524,0,0,0,0,0,0,0,0,13.5
1525,0,0,0,0,0,0,0,0,13.38
1526,0,0,0,0,0,0,0,0,13.35
1527,0,0,0,0,0,0,0,0,13.07
1528,0,0,0,0,0,0,0,0,13.33
1529,0,0,0,0,0,0,0,0,13.21
1530,0,0,0,0,0,0,0,0,13.63
1531,0,0,0,0,0,0,0,0,13.46
1532,0,0,0,0,0,0,0,0,13.42
1533,0,0,0,0,0,0,0,0,13.65
1534,0,0,0,0,0,0,0,0,13.75
1535,0,0,0,0,0,0,0,0,13.46
1536,0,0,0,0,0,0,0,0,12.91
1537,0,0,0,0,0,0,0,0,13.65
1538,0,0,0,0,0,0,0,0,13.41
1539,0,0,0,0,0,0,0,0,13.98
1540,0,0,0,0,0,0,0,0,13.28
1541,0,0,0,0,0,0,0,0,12.77
1542,0,0,0,0,0,0,0,0,12.87
1543,0,0,0,0,0,0,0,0,13.98
1544,0,0,0,0,0,0,0,0,13.68
1545,0,0,0,0,0,0,0,0,13.81
1546,0,0,0,0,0,0,0,0,13.2
1547,0,0,0,0,0,0,0,0,13.55
1548,0,0,0,0,0,0,0,0,13.29
1549,0,0,0,0,0,0,0,0,13.31
1550,0,0,0,0,0,0,0,0,13.48
1551,0,0,0,0,0,0,0,0,13.77
1552,0,0,0,0,0,0,0,0,13.46
1553,0,0,0,0,0,0,0,0,13.38
1554,0,0,0,0,0,0,0,0,12.91
1555,0,0,0,0,0,0,0,0,13.2
1556,0,0,0,0,0,0,0,0,13.01
1557,0,0,0,0,0,0,0,0,13.74
1558,0,0,0,0,0,0,0,0,13.17
1559,0,0,0,0,0,0,0,0,13.56
1560,0,0,0,0,0,0,0,0,12.54
1561,0,0,0,0,0,0,0,0,13.64
1562,0,0,0,0,0,0,0,0,14.05
1563,0,0,0,0,0,0,0,0,13.85
1564,0,0,0,0,0,0,0,0,13.36
1565,0,0,0,0,0,0,0,0,13.82
1566,0,0,0,0,0,0,0,0,14.03
1567,0,0,0,0,0,0,0,0,13.13
1568,0,0,0,0,0,0,0,0,13.23
1569,0,0,0,0,0,0,0,0,13.43
1570,0,0,0,0,0,0,0,0,13.09
1571,0,0,0,0,0,0,0,0,13.01
1572,0,0,0,0,0,0,0,0,14.01
1573,0,0,0,0,0,0,0,0,13.79
1574,0,0,0,0,0,0,0,0,13.18
1575,0,0,0,0,0,0,0,0,13.34
1576,0,0,0,0,0,0,0,0,12.82
1577,0,0,0,0,0,0,0,0,14.05
1578,0,0,0,0,0,0,0,0,13.42
1579,0,0,0,0,0,0,0,0,13.53
1580,0,0,0,0,0,0,0,0,13.84
1581,0,0,0,0,0,0,0,0,13.5
1582,0,0,0,0,0,0,0,0,13.49
1583,0,0,0,0,0,0,0,0,13.16
1584,0,0,0,0,0,0,0,0,13.36
1585,0,0,0,0,0,0,0,0,13.86
1586,0,0,0,0,0,0,0,0,13.19
1587,0,0,0,0,0,0,0,0,13.83
1588,0,0,0,0,0,0,0,0,13.34
1589,0,0,0,0,0,0,0,0,13.82
1590,0,0,0,0,0,0,0,0,13.16
1591,0,0,0,0,0,0,0,0,14.18
1592,0,0,0,0,0,0,0,0,13.53
1593,0,0,0,0,0,0,0,0,13.59
1594,0,0,0,0,0,0,0,0,14.01
1595,0,0,0,0,0,0,0,0,13.73
1596,0,0,0,0,0,0,0,0,13
1597,0,0,0,0,0,0,0,0,13.99
1598,0,0,0,0,0,0,0,0,13.6
1599,0,0,0,0,0,0,0,0,13.48
1600,0,0,0,0,0,0,0,0,12.86
1601,0,0,0,0,0,0,0,0,12.81
1602,0,0,0,0,0,0,0,0,13.17
1603,0,0,0,0,0,0,0,0,13.24
1604,0,0,0,0,0,0,0,0,13.58
1605,0,0,0,0,0,0,0,0,13.62
1606,0,0,0,0,0,0,0,0,13.94
1607,0,0,0,0,0,0,0,0,13.4
1608,0,0,0,0,0,0,0,0,13.97
1609,0,0,0,0,0,0,0,0,13.21
1610,0,0,0,0,0,0,0,0,13.93
1611,0,0,0,0,0,0,0,0,13.35
1612,0,0,0,0,0,0,0,0,13.08
1613,0,0,0,0,0,0,0,0,13.57
1614,0,0,0,0,0,0,0,0,13.43
1615,0,0,0,0,0,0,0,0,13.79
1616,0,0,0,0,0,0,0,0,13.32
1617,0,0,0,0,0,0,0,0,13.84
1618,0,0,0,0,0,0,0,0,13.57
1619,0,0,0,0,0,0,0,0,14.14
1620,0,0,0,0,0,0,0,0,13.18
1621,0,0,0,0,0,0,0,0,12.78
1622,0,0,0,0,0,0,0,0,13.28
1623,0,0,0,0,0,0,0,0,13.21
1624,0,0,0,0,0,0,0,0,13.69
1625,0,0,0,0,0,0,0,0,13.41
1626,0,0,0,0,0,0,0,0,13.68
1627,0,0,0,0,0,0,0,0,13.71
1628,0,0,0,0,0,0,0,0,13.65
1629,0,0,0,0,0,0,0,0,14.17
1630,0,0,0,0,0,0,0,0,13.37
1631,0,0,0,0,0,0,0,0,13.04
1632,0,0,0,0,0,0,0,0,13.23
1633,0,0,0,0,0,0,0,0,13.74
1634,0,0,0,0,0,0,0,0,13.27
1635,0,0,0,0,0,0,0,0,14.25
1636,0,0,0,0,0,0,0,0,13.3
1637,0,0,0,0,0,0,0,0,14
1638,0,0,0,0,0,0,0,0,13.69
1639,0,0,0,0,0,0,0,0,13.85
1640,0,0,0,0,0,0,0,0,13.72
1641,0,0,0,0,0,0,0,0,12.99
1642,0,0,0,0,0,0,0,0,13.04
1643,0,0,0,0,0,0,0,0,13.87
1644,0,0,0,0,0,0,0,0,13.56
1645,0,0,0,0,0,0,0,0,13.75
1646,0,0,0,0,0,0,0,0,13.68
1647,0,0,0,0,0,0,0,0,13.39
1648,0,0,0,0,0,0,0,0,14.12
1649,0,0,0,0,0,0,0,0,13.55
1650,0,0,0,0,0,0,0,0,12.88
1651,0,0,0,0,0,0,0,0,13.81
1652,0,0,0,0,0,0,0,0,13.12
1653,0,0,0,0,0,0,0,0,13.59
1654,0,0,0,0,0,0,0,0,13.72
1655,0,0,0,0,0,0,0,0,13.85
1656,0,0,0,0,0,0,0,0,13.74
1657,0,0,0,0,0,0,0,0,13.35
1658,0,0,0,0,0,0,0,0,13.35
1659,0,0,0,0,0,0,0,0,13.92
1660,0,0,0,0,0,0,0,0,13.03
1661,0,0,0,0,0,0,0,0,13.55
1662,0,0,0,0,0,0,0,0,13.81
1663,0,0,0,0,0,0,0,0,14.12
1664,0,0,0,0,0,0,0,0,12.96
1665,0,0,0,0,0,0,0,0,14.54
1666,0,0,0,0,0,0,0,0,13.7
1667,0,0,0,0,0,0,0,0,13.5
1668,0,0,0,0,0,0,0,0,13.57
1669,0,0,0,0,0,0,0,0,13.55
1670,0,0,0,0,0,0,0,0,13.93
1671,0,0,0,0,0,0,0,0,13.78
1672,0,0,0,0,0,0,0,0,13.61
1673,0,0,0,0,0,0,0,0,12.86
1674,0,0,0,0,0,0,0,0,14.3
1675,0,0,0,0,0,0,0,0,12.64
1676,0,0,0,0,0,0,0,0,12.89
1677,0,0,0,0,0,0,0,0,13.69
1678,0,0,0,0,0,0,0,0,14.11
1679,0,0,0,0,0,0,0,0,13.73
1680,0,0,0,0,0,0,0,0,13.55
1681,0,0,0,0,0,0,0,0,14.03
1682,0,0,0,0,0,0,0,0,12.98
1683,0,0,0,0,0,0,0,0,13.55
1684,0,0,0,0,0,0,0,0,12.68
1685,0,0,0,0,0,0,0,0,13.69
1686,0,0,0,0,0,0,0,0,13.46
1687,0,0,0,0,0,0,0,0,13.63
1688,0,0,0,0,0,0,0,0,12.81
1689,0,0,0,0,0,0,0,0,13.48
1690,0,0,0,0,0,0,0,0,13.18
1691,0,0,0,0,0,0,0,0,13.62
1692,0,0,0,0,0,0,0,0,13.72
1693,0,0,0,0,0,0,0,0,13.6
1694,0,0,0,0,0,0,0,0,13.02
1695,0,0,0,0,0,0,0,0,13.98
1696,0,0,0,0,0,0,0,0,13.27
1697,0,0,0,0,0,0,0,0,13.64
1698,0,0,0,0,0,0,0,0,13.46
1699,0,0,0,0,0,0,0,0,13.5
1700,0,0,0,0,0,0,0,0,13.66
1701,0,0,0,0,0,0,0,0,13.47
1702,0,0,0,0,0,0,0,0,13.53
1703,0,0,0,0,0,0,0,0,13.89
1704,0,0,0,0,0,0,0,0,13.6
1705,0,0,0,0,0,0,0,0,13.67
1706,0,0,0,0,0,0,0,0,13.47
1707,0,0,0,0,0,0,0,0,13.36
1708,0,0,0,0,0,0,0,0,13.28
1709,0,0,0,0,0,0,0,0,13.73
1710,0,0,0,0,0,0,0,0,13.36
1711,0,0,0,0,0,0,0,0,13.77
1712,0,0,0,0,0,0,0,0,13.7
1713,0,0,0,0,0,0,0,0,13.99
1714,0,0,0,0,0,0,0,0,12.83
1715,0,0,0,0,0,0,0,0,13.76
1716,0,0,0,0,0,0,0,0,13.37
1717,0,0,0,0,0,0,0,0,13.23
1718,0,0,0,0,0,0,0,0,13.57
1719,0,0,0,0,0,0,0,0,13.17
1720,0,0,0,0,0,0,0,0,14.06
1721,0,0,0,0,0,0,0,0,13.47
1722,0,0,0,0,0,0,0,0,13.36
1723,0,0,0,0,0,0,0,0,13.54
1724,0,0,0,0,0,0,0,0,13.56
1725,0,0,0,0,0,0,0,0,13.4
1726,0,0,0,0,0,0,0,0,13.21
1727,0,0,0,0,0,0,0,0,13
1728,0,0,0,0,0,0,0,0,13.2
1729,0,0,0,0,0,0,0,0,13.76
1730,0,0,0,0,0,0,0,0,13.63
1731,0,0,0,0,0,0,0,0,13.09
1732,0,0,0,0,0,0,0,0,13.1
1733,0,0,0,0,0,0,0,0,13.34
1734,0,0,0,0,0,0,0,0,13.05
1735,0,0,0,0,0,0,0,0,13.94
1736,0,0,0,0,0,0,0,0,13.58
1737,0,0,0,0,0,0,0,0,14.25
1738,0,0,0,0,0,0,0,0,13.6
1739,0,0,0,0,0,0,0,0,13.34
1740,0,0,0,0,0,0,0,0,13.4
1741,0,0,0,0,0,0,0,0,13.65
1742,0,0,0,0,0,0,0,0,13.49
1743,0,0,0,0,0,0,0,0,13.82
1744,0,0,0,0,0,0,0,0,13.24
1745,0,0,0,0,0,0,0,0,13.7
1746,0,0,0,0,0,0,0,0,14.36
1747,0,0,0,0,0,0,0,0,13.02
1748,0,0,0,0,0,0,0,0,13.85
1749,0,0,0,0,0,0,0,0,13.47
1750,0,0,0,0,0,0,0,0,13.97
1751,0,0,0,0,0,0,0,0,13.73
1752,0,0,0,0,0,0,0,0,13.02
1753,0,0,0,0,0,0,0,0,13.52
1754,0,0,0,0,0,0,0,0,13.37
1755,0,0,0,0,0,0,0,0,13.38
1756,0,0,0,0,0,0,0,0,13.98
1757,0,0,0,0,0,0,0,0,14.26
1758,0,0,0,0,0,0,0,0,13.64
1759,0,0,0,0,0,0,0,0,13.35
1760,0,0,0,0,0,0,0,0,13.2
1761,0,0,0,0,0,0,0,0,13.63
1762,0,0,0,0,0,0,0,0,13.87
1763,0,0,0,0,0,0,0,0,14.57
1764,0,0,0,0,0,0,0,0,13.73
1765,0,0,0,0,0,0,0,0,14.26
1766,0,0,0,0,0,0,0,0,13.05
1767,0,0,0,0,0,0,0,0,13.75
1768,0,0,0,0,0,0,0,0,13.78
1769,0,0,0,0,0,0,0,0,13.24
1770,0,0,0,0,0,0,0,0,13.79
1771,0,0,0,0,0,0,0,0,13.5
1772,0,0,0,0,0,0,0,0,13.36
1773,0,0,0,0,0,0,0,0,14.65
1774,0,0,0,0,0,0,0,0,13.57
1775,0,0,0,0,0,0,0,0,13.63
1776,0,0,0,0,0,0,0,0,14.25
1777,0,0,0,0,0,0,0,0,13.26
1778,0,0,0,0,0,0,0,0,14.04
1779,0,0,0,0,0,0,0,0,13.94
1780,0,0,0,0,0,0,0,0,13.7
1781,0,0,0,0,0,0,0,0,13.34
1782,0,0,0,0,0,0,0,0,13.71
1783,0,0,0,0,0,0,0,0,13.54
1784,0,0,0,0,0,0,0,0,13.75
1785,0,0,0,0,0,0,0,0,14
1786,0,0,0,0,0,0,0,0,13.64
1787,0,0,0,0,0,0,0,0,14
1788,0,0,0,0,0,0,0,0,13.22
1789,0,0,0,0,0,0,0,0,14.11
1790,0,0,0,0,0,0,0,0,14.25
1791,0,0,0,0,0,0,0,0,14.53
1792,0,0,0,0,0,0,0,0,13.9
1793,0,0,0,0,0,0,0,0,12.92
1794,0,0,0,0,0,0,0,0,13.56
1795,0,0,0,0,0,0,0,0,13.94
1796,0,0,0,0,0,0,0,0,13.72
1797,0,0,0,0,0,0,0,0,13.34
1798,0,0,0,0,0,0,0,0,13.76
1799,0,0,0,0,0,0,0,0,13.77
1800,0,0,0,0,0,0,0,0,13.86
1801,0,0,0,0,0,0,0,0,13.62
1802,0,0,0,0,0,0,0,0,14.34
1803,0,0,0,0,0,0,0,0,13.64
1804,0,0,0,0,0,0,0,0,13.38
1805,0,0,0,0,0,0,0,0,13.58
1806,0,0,0,0,0,0,0,0,13.46
1807,0,0,0,0,0,0,0,0,13.1
1808,0,0,0,0,0,0,0,0,14.02
1809,0,0,0,0,0,0,0,0,13.54
1810,0,0,0,0,0,0,0,0,13.91
1811,0,0,0,0,0,0,0,0,13.81
1812,0,0,0,0,0,0,0,0,13.78
1813,0,0,0,0,0,0,0,0,13.9
1814,0,0,0,0,0,0,0,0,12.82
1815,0,0,0,0,0,0,0,0,13.72
1816,0,0,0,0,0,0,0,0,14.19
1817,0,0,0,0,0,0,0,0,14.15
1818,0,0,0,0,0,0,0,0,13.6
1819,0,0,0,0,0,0,0,0,13.36
1820,0,0,0,0,0,0,0,0,14.06
1821,0,0,0,0,0,0,0,0,13
1822,0,0,0,0,0,0,0,0,13.41
1823,0,0,0,0,0,0,0,0,13.66
1824,0,0,0,0,0,0,0,0,13.87
1825,0,0,0,0,0,0,0,0,13.31
1826,0,0,0,0,0,0,0,0,13.45
1827,0,0,0,0,0,0,0,0,14.06
1828,0,0,0,0,0,0,0,0,13.35
1829,0,0,0,0,0,0,0,0,13.83
1830,0,0,0,0,0,0,0,0,13.21
1831,0,0,0,0,0,0,0,0,13.74
1832,0,0,0,0,0,0,0,0,13.47
1833,0,0,0,0,0,0,0,0,13.7
1834,0,0,0,0,0,0,0,0,13.78
1835,0,0,0,0,0,0,0,0,14.03
1836,0,0,0,0,0,0,0,0,13.33
1837,0,0,0,0,0,0,0,0,13.74
1838,0,0,0,0,0,0,0,0,13.07
1839,0,0,0,0,0,0,0,0,13.47
1840,0,0,0,0,0,0,0,0,13.36
1841,0,0,0,0,0,0,0,0,13.63
1842,0,0,0,0,0,0,0,0,13.27
1843,0,0,0,0,0,0,0,0,14.16
1844,0,0,0,0,0,0,0,0,14.48
1845,0,0,0,0,0,0,0,0,13.42
1846,0,0,0,0,0,0,0,0,13.3
1847,0,0,0,0,0,0,0,0,13.74
1848,0,0,0,0,0,0,0,0,13.55
1849,0,0,0,0,0,0,0,0,13.39
1850,0,0,0,0,0,0,0,0,13.94
1851,0,0,0,0,0,0,0,0,14.03
1852,0,0,0,0,0,0,0,0,13.3
1853,0,0,0,0,0,0,0,0,13.35
1854,0,0,0,0,0,0,0,0,14.02
1855,0,0,0,0,0,0,0,0,13.82
1856,0,0,0,0,0,0,0,0,13.76
1857,0,0,0,0,0,0,0,0,13.92
1858,0,0,0,0,0,0,0,0,12.97
1859,0,0,0,0,0,0,0,0,13.5
1860,0,0,0,0,0,0,0,0,12.81
1861,0,0,0,0,0,0,0,0,13.53
1862,0,0,0,0,0,0,0,0,13.34
1863,0,0,0,0,0,0,0,0,13.67
1864,0,0,0,0,0,0,0,0,13.82
1865,0,0,0,0,0,0,0,0,14.1
1866,0,0,0,0,0,0,0,0,13.63
1867,0,0,0,0,0,0,0,0,13.78
1868,0,0,0,0,0,0,0,0,14.11
1869,0,0,0,0,0,0,0,0,14.51
1870,0,0,0,0,0,0,0,0,13.7
1871,0,0,0,0,0,0,0,0,14.08
1872,0,0,0,0,0,0,0,0,13.59
1873,0,0,0,0,0,0,0,0,13.33
1874,0,0,0,0,0,0,0,0,13.49
1875,0,0,0,0,0,0,0,0,14.02
1876,0,0,0,0,0,0,0,0,14.41
1877,0,0,0,0,0,0,0,0,13.61
1878,0,0,0,0,0,0,0,0,12.96
1879,0,0,0,0,0,0,0,0,14.1
1880,0,0,0,0,0,0,0,0,13.38
1881,0,0,0,0,0,0,0,0,13.14
1882,0,0,0,0,0,0,0,0,13.8
1883,0,0,0,0,0,0,0,0,13.29
1884,0,0,0,0,0,0,0,0,13.42
1885,0,0,0,0,0,0,0,0,13.38
1886,0,0,0,0,0,0,0,0,13.53
1887,0,0,0,0,0,0,0,0,12.88
1888,0,0,0,0,0,0,0,0,13.7
1889,0,0,0,0,0,0,0,0,13.65
1890,0,0,0,0,0,0,0,0,13.7
1891,0,0,0,0,0,0,0,0,13.45
1892,0,0,0,0,0,0,0,0,13.18
1893,0,0,0,0,0,0,0,0,13.37
1894,0,0,0,0,0,0,0,0,14.54
1895,0,0,0,0,0,0,0,0,13.69
1896,0,0,0,0,0,0,0,0,13.42
1897,0,0,0,0,0,0,0,0,13.5
1898,0,0,0,0,0,0,0,0,13.95
1899,0,0,0,0,0,0,0,0,13.54
1900,0,0,0,0,0,0,0,0,13.98
1901,0,0,0,0,0,0,0,0,13.51
1902,0,0,0,0,0,0,0,0,12.93
1903,0,0,0,0,0,0,0,0,13.34
1904,0,0,0,0,0,0,0,0,13.72
1905,0,0,0,0,0,0,0,0,14.11
1906,0,0,0,0,0,0,0,0,13.5
1907,0,0,0,0,0,0,0,0,13.77
1908,0,0,0,0,0,0,0,0,14.43
1909,0,0,0,0,0,0,0,0,14.36
1910,0,0,0,0,0,0,0,0,13.47
1911,0,0,0,0,0,0,0,0,13.61
1912,0,0,0,0,0,0,0,0,13.98
1913,0,0,0,0,0,0,0,0,13.46
1914,0,0,0,0,0,0,0,0,13.77
1915,0,0,0,0,0,0,0,0,13.88
1916,0,0,0,0,0,0,0,0,13.59
1917,0,0,0,0,0,0,0,0,14.21
1918,0,0,0,0,0,0,0,0,13.48
1919,0,0,0,0,0,0,0,0,13.56
1920,0,0,0,0,0,0,0,0,13.56
1921,0,0,0,0,0,0,0,0,13.57
1922,0,0,0,0,0,0,0,0,13.64
1923,0,0,0,0,0,0,0,0,13.51
1924,0,0,0,0,0,0,0,0,14.17
1925,0,0,0,0,0,0,0,0,13.64
1926,0,0,0,0,0,0,0,0,13.95
1927,0,0,0,0,0,0,0,0,13.06
1928,0,0,0,0,0,0,0,0,13.63
1929,0,0,0,0,0,0,0,0,13.86
1930,0,0,0,0,0,0,0,0,13.33
1931,0,0,0,0,0,0,0,0,14.05
1932,0,0,0,0,0,0,0,0,13.96
1933,0,0,0,0,0,0,0,0,13.17
1934,0,0,0,0,0,0,0,0,15.02
1935,0,0,0,0,0,0,0,0,13.33
1936,0,0,0,0,0,0,0,0,13.44
1937,0,0,0,0,0,0,0,0,14.35
1938,0,0,0,0,0,0,0,0,14.06
1939,0,0,0,0,0,0,0,0,13.57
1940,0,0,0,0,0,0,0,0,14.17
1941,0,0,0,0,0,0,0,0,13.65
1942,0,0,0,0,0,0,0,0,13.1
1943,0,0,0,0,0,0,0,0,13.41
1944,0,0,0,0,0,0,0,0,14.2
1945,0,0,0,0,0,0,0,0,13.65
1946,0,0,0,0,0,0,0,0,14.23
1947,0,0,0,0,0,0,0,0,14.02
1948,0,0,0,0,0,0,0,0,13.85
1949,0,0,0,0,0,0,0,0,13.26
1950,0,0,0,0,0,0,0,0,13.19
1951,0,0,0,0,0,0,0,0,13.39
1952,0,0,0,0,0,0,0,0,14.31
1953,0,0,0,0,0,0,0,0,13.56
1954,0,0,0,0,0,0,0,0,13.57
1955,0,0,0,0,0,0,0,0,13.91
1956,0,0,0,0,0,0,0,0,14.2
1957,0,0,0,0,0,0,0,0,13.93
1958,0,0,0,0,0,0,0,0,13.65
1959,0,0,0,0,0,0,0,0,13.35
1960,0,0,0,0,0,0,0,0,13.31
1961,0,0,0,0,0,0,0,0,13.18
1962,0,0,0,0,0,0,0,0,13.75
1963,0,0,0,0,0,0,0,0,14.12
1964,0,0,0,0,0,0,0,0,13.98
1965,0,0,0,0,0,0,0,0,13.64
1966,0,0,0,0,0,0,0,0,12.72
1967,0,0,0,0,0,0,0,0,13.77
1968,0,0,0,0,0,0,0,0,13.85
1969,0,0,0,0,0,0,0,0,13.55
1970,0,0,0,0,0,0,0,0,13.12
1971,0,0,0,0,0,0,0,0,13.74
1972,0,0,0,0,0,0,0,0,13.53
1973,0,0,0,0,0,0,0,0,13.57
1974,0,0,0,0,0,0,0,0,13.9
1975,0,0,0,0,0,0,0,0,14.46
1976,0,0,0,0,0,0,0,0,13.6
1977,0,0,0,0,0,0,0,0,13.57
1978,0,0,0,0,0,0,0,0,13.55
1979,0,0,0,0,0,0,0,0,14.29
1980,0,0,0,0,0,0,0,0,13.67
1981,0,0,0,0,0,0,0,0,13.98
1982,0,0,0,0,0,0,0,0,13.52
1983,0,0,0,0,0,0,0,0,13.67
1984,0,0,0,0,0,0,0,0,13
1985,0,0,0,0,0,0,0,0,13.52
1986,0,0,0,0,0,0,0,0,13.71
1987,0,0,0,0,0,0,0,0,13.27
1988,0,0,0,0,0,0,0,0,13.87
1989,0,0,0,0,0,0,0,0,13.59
1990,0,0,0,0,0,0,0,0,14.01
1991,0,0,0,0,0,0,0,0,13.77
1992,0,0,0,0,0,0,0,0,13.27
1993,0,0,0,0,0,0,0,0,13.79
1994,0,0,0,0,0,0,0,0,14.3
1995,0,0,0,0,0,0,0,0,13.9
1996,0,0,0,0,0,0,0,0,13.31
1997,0,0,0,0,0,0,0,0,13.45
1998,0,0,0,0,0,0,0,0,13
1999,0,0,0,0,0,0,0,0,14.5
2000,0,0,0,0,0,0,0,0,13.97
2001,0,0,0,0,0,0,0,0,13.14
2002,0,0,0,0,0,0,0,0,13.66
2003,0,0,0,0,0,0,0,0,13.26
2004,0,0,0,0,0,0,0,0,13.39
2005,0,0,0,0,0,0,0,0,13.56
2006,0,0,0,0,0,0,0,0,13.75
2007,0,0,0,0,0,0,0,0,13.52
2008,0,0,0,0,0,0,0,0,13.73
2009,0,0,0,0,0,0,0,0,13.39
2010,0,0,0,0,0,0,0,0,13.19
2011,0,0,0,0,0,0,0,0,13.13
2012,0,0,0,0,0,0,0,0,13.38
2013,0,0,0,0,0,0,0,0,14.07
2014,0,0,0,0,0,0,0,0,13.35
2015,0,0,0,0,0,0,0,0,13.32
2016,0,0,0,0,0,0,0,0,13.41
2017,0,0,0,0,0,0,0,0,13.59
2018,0,0,0,0,0,0,0,0,13.21
2019,0,0,0,0,0,0,0,0,13.8
2020,0,0,0,0,0,0,0,0,13.89
2021,0,0,0,0,0,0,0,0,13.29
2022,0,0,0,0,0,0,0,0,13.79
2023,0,0,0,0,0,0,0,0,13.4
2024,0,0,0,0,0,0,0,0,14
2025,0,0,0,0,0,0,0,0,13.83
2026,0,0,0,0,0,0,0,0,13.38
2027,0,0,0,0,0,0,0,0,12.65
2028,0,0,0,0,0,0,0,0,13.71
2029,0,0,0,0,0,0,0,0,14.34
2030,0,0,0,0,0,0,0,0,13.48
2031,0,0,0,0,0,0,0,0,14.18
2032,0,0,0,0,0,0,0,0,13.27
2033,0,0,0,0,0,0,0,0,13.98
2034,0,0,0,0,0,0,0,0,13.24
2035,0,0,0,0,0,0,0,0,13.92
2036,0,0,0,0,0,0,0,0,13.47
2037,0,0,0,0,0,0,0,0,14.41
2038,0,0,0,0,0,0,0,0,13.22
2039,0,0,0,0,0,0,0,0,14.04
2040,0,0,0,0,0,0,0,0,13.72
2041,0,0,0,0,0,0,0,0,13.56
2042,0,0,0,0,0,0,0,0,14
2043,0,0,0,0,0,0,0,0,13.45
2044,0,0,0,0,0,0,0,0,14.2
2045,0,0,0,0,0,0,0,0,14.26
2046,0,0,0,0,0,0,0,0,13.27
2047,0,0,0,0,0,0,0,0,13.71
2048,0,0,0,0,0,0,0,0,14.1
2049,0,0,0,0,0,0,0,0,13.84
2050,0,0,0,0,0,0,0,0,13.33
2051,0,0,0,0,0,0,0,0,13.93
2052,0,0,0,0,0,0,0,0,14.22
2053,0,0,0,0,0,0,0,0,13.26
2054,0,0,0,0,0,0,0,0,13.35
2055,0,0,0,0,0,0,0,0,14.33
2056,0,0,0,0,0,0,0,0,13.74
2057,0,0,0,0,0,0,0,0,13.97
2058,0,0,0,0,0,0,0,0,14.27
2059,0,0,0,0,0,0,0,0,14.64
2060,0,0,0,0,0,0,0,0,13.5
2061,0,0,0,0,0,0,0,0,13.51
2062,0,0,0,0,0,0,0,0,12.96
2063,0,0,0,0,0,0,0,0,14.04
2064,0,0,0,0,0,0,0,0,13.84
2065,0,0,0,0,0,0,0,0,13.25
2066,0,0,0,0,0,0,0,0,13.66
2067,0,0,0,0,0,0,0,0,13.88
2068,0,0,0,0,0,0,0,0,13.83
2069,0,0,0,0,0,0,0,0,14.37
2070,0,0,0,0,0,0,0,0,13.55
2071,0,0,0,0,0,0,0,0,14
2072,0,0,0,0,0,0,0,0,13.55
2073,0,0,0,0,0,0,0,0,13.32
2074,0,0,0,0,0,0,0,0,13.29
2075,0,0,0,0,0,0,0,0,13.64
2076,0,0,0,0,0,0,0,0,13.58
2077,0,0,0,0,0,0,0,0,13.51
2078,0,0,0,0,0,0,0,0,14.2
2079,0,0,0,0,0,0,0,0,13.76
2080,0,0,0,0,0,0,0,0,13.76
2081,0,0,0,0,0,0,0,0,14.06
2082,0,0,0,0,0,0,0,0,13.45
2083,0,0,0,0,0,0,0,0,14.08
2084,0,0,0,0,0,0,0,0,14.18
2085,0,0,0,0,0,0,0,0,13.79
2086,0,0,0,0,0,0,0,0,13.94
2087,0,0,0,0,0,0,0,0,13.38
2088,0,0,0,0,0,0,0,0,13.09
2089,0,0,0,0,0,0,0,0,13.78
2090,0,0,0,0,0,0,0,0,13.88
2091,0,0,0,0,0,0,0,0,13.64
2092,0,0,0,0,0,0,0,0,14.14
2093,0,0,0,0,0,0,0,0,14.37
2094,0,0,0,0,0,0,0,0,14.25
2095,0,0,0,0,0,0,0,0,14.18
2096,0,0,0,0,0,0,0,0,13.86
2097,0,0,0,0,0,0,0,0,13.95
2098,0,0,0,0,0,0,0,0,13.37
2099,0,0,0,0,0,0,0,0,13.52
2100,0,0,0,0,0,0,0,0,14.25
2101,0,0,0,0,0,0,0,0,13.83
2102,0,0,0,0,0,0,0,0,13.41
2103,0,0,0,0,0,0,0,0,13.82
2104,0,0,0,0,0,0,0,0,13.95
2105,0,0,0,0,0,0,0,0,14.05
2106,0,0,0,0,0,0,0,0,13.48
2107,0,0,0,0,0,0,0,0,13.43
2108,0,0,0,0,0,0,0,0,13.76
2109,0,0,0,0,0,0,0,0,13.92
2110,0,0,0,0,0,0,0,0,13.72
2111,0,0,0,0,0,0,0,0,14.12
2112,0,0,0,0,0,0,0,0,13.27
2113,0,0,0,0,0,0,0,0,13.85
2114,0,0,0,0,0,0,0,0,13.08
2115,0,0,0,0,0,0,0,0,13.61
2116,0,0,0,0,0,0,0,0,13.53
2117,0,0,0,0,0,0,0,0,13.82
2118,0,0,0,0,0,0,0,0,14.17
2119,0,0,0,0,0,0,0,0,13.57
2120,0,0,0,0,0,0,0,0,13.6
2121,0,0,0,0,0,0,0,0,14.06
2122,0,0,0,0,0,0,0,0,13.91
2123,0,0,0,0,0,0,0,0,13.38
2124,0,0,0,0,0,0,0,0,13.89
2125,0,0,0,0,0,0,0,0,13.33
2126,0,0,0,0,0,0,0,0,13.61
2127,0,0,0,0,0,0,0,0,14.15
2128,0,0,0,0,0,0,0,0,14.47
2129,0,0,0,0,0,0,0,0,13.72
2130,0,0,0,0,0,0,0,0,13.75
2131,0,0,0,0,0,0,0,0,13.22
2132,0,0,0,0,0,0,0,0,13.97
2133,0,0,0,0,0,0,0,0,14.18
2134,0,0,0,0,0,0,0,0,14.72
2135,0,0,0,0,0,0,0,0,13.16
2136,0,0,0,0,0,0,0,0,13.88
2137,0,0,0,0,0,0,0,0,13.96
2138,0,0,0,0,0,0,0,0,13.78
2139,0,0,0,0,0,0,0,0,13.41
2140,0,0,0,0,0,0,0,0,12.93
2141,0,0,0,0,0,0,0,0,13.89
2142,0,0,0,0,0,0,0,0,13.76
2143,0,0,0,0,0,0,0,0,12.98
2144,0,0,0,0,0,0,0,0,13.73
2145,0,0,0,0,0,0,0,0,14.21
2146,0,0,0,0,0,0,0,0,13.93
2147,0,0,0,0,0,0,0,0,13.92
2148,0,0,0,0,0,0,0,0,14.14
2149,0,0,0,0,0,0,0,0,14.17
2150,0,0,0,0,0,0,0,0,14.37
2151,0,0,0,0,0,0,0,0,13.52
2152,0,0,0,0,0,0,0,0,14.13
2153,0,0,0,0,0,0,0,0,14
2154,0,0,0,0,0,0,0,0,13.14
2155,0,0,0,0,0,0,0,0,13.34
2156,0,0,0,0,0,0,0,0,13.57
2157,0,0,0,0,0,0,0,0,13.58
2158,0,0,0,0,0,0,0,0,14.15
2159,0,0,0,0,0,0,0,0,13.77
2160,0,0,0,0,0,0,0,0,13.53
2161,0,0,0,0,0,0,0,0,13.87
2162,0,0,0,0,0,0,0,0,14.2
2163,0,0,0,0,0,0,0,0,14.48
2164,0,0,0,0,0,0,0,0,13.57
2165,0,0,0,0,0,0,0,0,14
2166,0,0,0,0,0,0,0,0,13.23
2167,0,0,0,0,0,0,0,0,14.31
2168,0,0,0,0,0,0,0,0,14.07
2169,0,0,0,0,0,0,0,0,14.33
2170,0,0,0,0,0,0,0,0,14.66
2171,0,0,0,0,0,0,0,0,13.54
2172,0,0,0,0,0,0,0,0,13.34
2173,0,0,0,0,0,0,0,0,14.01
2174,0,0,0,0,0,0,0,0,14.59
2175,0,0,0,0,0,0,0,0,13.11
2176,0,0,0,0,0,0,0,0,14.41
2177,0,0,0,0,0,0,0,0,13.79
2178,0,0,0,0,0,0,0,0,14.05
2179,0,0,0,0,0,0,0,0,14.75
2180,0,0,0,0,0,0,0,0,13.7
2181,0,0,0,0,0,0,0,0,13.96
2182,0,0,0,0,0,0,0,0,13.87
2183,0,0,0,0,0,0,0,0,14.37
2184,0,0,0,0,0,0,0,0,13.49
2185,0,0,0,0,0,0,0,0,14.07
2186,0,0,0,0,0,0,0,0,14.22
2187,0,0,0,0,0,0,0,0,13.32
2188,0,0,0,0,0,0,0,0,14.2
2189,0,0,0,0,0,0,0,0,14.2
2190,0,0,0,0,0,0,0,0,14.21
2191,0,0,0,0,0,0,0,0,14.21
2192,0,0,0,0,0,0,0,0,14.21
2193,0,0,0,0,0,0,0,0,14.64
2194,0,0,0,0,0,0,0,0,14.1
2195,0,0,0,0,0,0,0,0,14.44
2196,0,0,0,0,0,0,0,0,14.56
2197,0,0,0,0,0,0,0,0,13.66
2198,0,0,0,0,0,0,0,0,13.86
2199,0,0,0,0,0,0,0,0,13.34
2200,0,0,0,0,0,0,0,0,13.35
2201,0,0,0,0,0,0,0,0,14.42
2202,0,0,0,0,0,0,0,0,13.96
2203,0,0,0,0,0,0,0,0,14.24
2204,0,0,0,0,0,0,0,0,13.83
2205,0,0,0,0,0,0,0,0,13.62
2206,0,0,0,0,0,0,0,0,14.52
2207,0,0,0,0,0,0,0,0,14.04
2208,0,0,0,0,0,0,0,0,13.96
2209,0,0,0,0,0,0,0,0,13.15
2210,0,0,0,0,0,0,0,0,14.09
2211,0,0,0,0,0,0,0,0,13.91
2212,0,0,0,0,0,0,0,0,13.79
2213,0,0,0,0,0,0,0,0,13.58
2214,0,0,0,0,0,0,0,0,14.06
2215,0,0,0,0,0,0,0,0,13.86
2216,0,0,0,0,0,0,0,0,13.85
2217,0,0,0,0,0,0,0,0,13.96
2218,0,0,0,0,0,0,0,0,13.64
2219,0,0,0,0,0,0,0,0,13.79
2220,0,0,0,0,0,0,0,0,13.6
2221,0,0,0,0,0,0,0,0,14.02
2222,0,0,0,0,0,0,0,0,13.79
2223,0,0,0,0,0,0,0,0,13.12
2224,0,0,0,0,0,0,0,0,13.23
2225,0,0,0,0,0,0,0,0,13.86
2226,0,0,0,0,0,0,0,0,13.84
2227,0,0,0,0,0,0,0,0,13.59
2228,0,0,1250,2907,2820,4850,29753,43860,13.96
2229,0,0,0,0,0,0,0,0,13.69
2230,0,0,0,0,0,0,0,0,13.68
2231,0,0,0,0,0,0,0,0,13.58
2232,0,0,0,0,0,0,0,0,13.1
2233,0,0,0,0,0,0,0,0,11.1
2234,0,0,0,0,0,0,0,0,8.58
2235,0,0,0,0,0,0,0,0,7.32
2236,0,0,0,0,0,0,0,0,6.25
2237,0,0,0,0,0,0,0,0,6.1
2238,0,0,0,0,0,0,0,0,5.89
2239,0,0,0,0,0,0,0,0,5.75
2240,0,0,0,0,0,0,0,0,5.19
2241,0,0,0,0,0,0,0,0,5.55
2242,0,0,0,0,0,0,0,0,5.47
2243,0,0,0,0,0,0,0,0,5.32
2244,0,0,0,0,0,0,0,0,5.43
2245,0,0,0,0,0,0,0,0,4.88
2246,0,0,0,0,0,0,0,0,4.97
2247,0,0,0,0,0,0,0,0,5.2
2248,0,0,0,0,0,0,0,0,4.47
2249,0,0,0,0,0,0,0,0,3.92
2250,0,0,0,0,0,0,0,0,3.95
2251,0,0,0,0,0,0,0,0,3.79
2252,0,0,0,0,0,0,0,0,3.47
2253,0,0,0,0,0,0,0,0,3.28
2254,0,0,0,0,0,0,0,0,3.43
2255,0,0,0,0,0,0,0,0,3.5
2256,0,0,0,0,0,0,0,0,3.35
2257,0,0,0,0,0,0,0,0,3.47
2258,0,0,0,0,0,0,0,0,3.4
2259,0,0,0,0,0,0,0,0,3.02
2260,0,0,0,0,0,0,0,0,3.03
2261,0,0,0,0,0,0,0,0,3.08
2262,0,0,0,0,0,0,0,0,2.98
2263,0,0,0,0,0,0,0,0,2.79
2264,0,0,0,0,0,0,0,0,2.74
2265,0,0,0,0,0,0,0,0,2.71
2266,0,0,0,0,0,0,0,0,2.9
2267,0,0,0,0,0,0,0,0,2.55
2268,0,0,0,0,0,0,0,0,2.45
2269,0,0,0,0,0,0,0,0,2.52
2270,0,0,0,0,0,0,0,0,2.39
2271,0,0,0,0,0,0,0,0,2.35
2272,0,0,0,0,0,0,0,0,2.29
2273,0,0,0,0,0,0,0,0,2.44
2274,0,0,0,0,0,0,0,0,2.35
2275,0,0,0,0,0,0,0,0,2.56
2276,0,0,0,0,0,0,0,0,2.47
2277,0,0,0,0,0,0,0,0,2.19
2278,0,0,0,0,0,0,0,0,2.33
2279,0,0,0,0,0,0,0,0,2.12
2280,0,0,0,0,0,0,0,0,2.21
2281,0,0,0,0,0,0,0,0,2.29
2282,0,0,0,0,0,0,0,0,2.08
2283,0,0,0,0,0,0,0,0,2
2284,0,0,0,0,0,0,0,0,2.11
2285,0,0,0,0,0,0,0,0,2.07
2286,0,0,0,0,0,0,0,0,2.13
2287,0,0,0,0,0,0,0,0,1.96
2288,0,0,0,0,0,0,0,0,2.01
2289,0,0,0,0,0,0,0,0,2.02
2290,0,0,0,0,0,0,0,0,1.8
2291,0,0,0,0,0,0,0,0,1.9
2292,0,0,0,0,0,0,0,0,1.72
2293,0,0,0,0,0,0,0,0,1.67
2294,0,0,0,0,0,0,0,0,1.9
2295,0,0,0,0,0,0,0,0,1.81
2296,0,0,0,0,0,0,0,0,2.13
2297,0,0,0,0,0,0,0,0,2.09
2298,0,0,0,0,0,0,0,0,2.21
2299,0,0,0,0,0,0,0,0,1.8
2300,0,0,0,0,0,0,0,0,1.82
2301,0,0,0,0,0,0,0,0,1.9
2302,0,0,0,0,0,0,0,0,2.21
2303,0,0,0,0,0,0,0,0,1.6
2304,0,0,0,0,0,0,0,0,2.08
2305,0,0,0,0,0,0,0,0,1.76
2306,0,0,0,0,0,0,0,0,1.91
2307,0,0,0,0,0,0,0,0,1.88
2308,0,0,0,0,0,0,0,0,1.86
2309,0,0,0,0,0,0,0,0,1.95
2310,0,0,0,0,0,0,0,0,1.87
2311,0,0,0,0,0,0,0,0,1.77
2312,0,0,0,0,0,0,0,0,1.93
2313,0,0,0,0,0,0,0,0,1.84
2314,0,0,0,0,0,0,0,0,1.81
2315,0,0,0,0,0,0,0,0,1.94
2316,0,0,0,0,0,0,0,0,2.1
2317,0,0,0,0,0,0,0,0,1.72
2318,0,0,0,0,0,0,0,0,1.84
2319,0,0,0,0,0,0,0,0,1.66
2320,0,0,0,0,0,0,0,0,1.71
2321,0,0,0,0,0,0,0,0,1.87
2322,0,0,0,0,0,0,0,0,1.88
2323,0,0,0,0,0,0,0,0,1.73
2324,0,0,0,0,0,0,0,0,1.99
2325,0,0,0,0,0,0,0,0,1.76
2326,0,0,0,0,0,0,0,0,1.81
2327,0,0,0,0,0,0,0,0,2.05
2328,0,0,0,0,0,0,0,0,1.81
2329,0,0,0,0,0,0,0,0,1.84
2330,0,0,0,0,0,0,0,0,1.88
2331,0,0,0,0,0,0,0,0,1.71
2332,0,0,0,0,0,0,0,0,1.81
2333,0,0,0,0,0,0,0,0,1.84
2334,0,0,0,0,0,0,0,0,1.95
2335,0,0,0,0,0,0,0,0,1.92
2336,0,0,0,0,0,0,0,0,1.78
2337,0,0,0,0,0,0,0,0,2.03
2338,0,0,0,0,0,0,0,0,1.98
2339,0,0,0,0,0,0,0,0,1.9
2340,0,0,0,0,0,0,0,0,1.92
2341,0,0,0,0,0,0,0,0,2.15
2342,0,0,0,0,0,0,0,0,1.92
2343,0,0,0,0,0,0,0,0,2.06
2344,0,0,0,0,0,0,0,0,2.01
2345,0,0,0,0,0,0,0,0,2.02
2346,0,0,0,0,0,0,0,0,2.03
2347,0,0,0,0,0,0,0,0,1.91
2348,0,0,0,0,0,0,0,0,1.96
2349,0,0,0,0,0,0,0,0,1.92
2350,0,0,0,0,0,0,0,0,1.81
2351,0,0,0,0,0,0,0,0,2.01
2352,0,0,0,0,0,0,0,0,2.07
2353,0,0,0,0,0,0,0,0,2.14
2354,0,0,0,0,0,0,0,0,2.01
2355,0,0,0,0,0,0,0,0,2.07
2356,0,0,0,0,0,0,0,0,2.07
2357,0,0,0,0,0,0,0,0,2.3
2358,0,0,0,0,0,0,0,0,2.35
2359,0,0,0,0,0,0,0,0,1.99
2360,0,0,0,0,0,0,0,0,2.33
2361,0,0,0,0,0,0,0,0,2.41
2362,0,0,0,0,0,0,0,0,2.21
2363,0,0,0,0,0,0,0,0,2.45
2364,0,0,0,0,0,0,0,0,2.17
2365,0,0,0,0,0,0,0,0,2.35
2366,0,0,0,0,0,0,0,0,2.2
2367,0,0,0,0,0,0,0,0,2.13
2368,0,0,0,0,0,0,0,0,2.53
2369,0,0,0,0,0,0,0,0,2.6
2370,0,0,0,0,0,0,0,0,2.56
2371,0,0,0,0,0,0,0,0,2.14
2372,0,0,0,0,0,0,0,0,2.12
2373,0,0,0,0,0,0,0,0,2.44
2374,0,0,1247,2936,2824,4840,29767,43857,2.25
2375,0,0,0,0,0,0,0,0,2.33
2376,0,0,0,0,0,0,0,0,2.49
2377,0,0,0,0,0,0,0,0,2.4
2378,0,0,0,0,0,0,0,0,2.06
2379,0,0,0,0,0,0,0,0,1.85
2380,0,0,0,0,0,0,0,0,1.79
2381,0,0,0,0,0,0,0,0,1.52
2382,0,0,0,0,0,0,0,0,1.25
2383,0,0,0,0,0,0,0,0,1.18
2384,0,0,0,0,0,0,0,0,1.16
2385,0,0,0,0,0,0,0,0,1.28
2386,0,0,0,0,0,0,0,0,1.14
2387,0,0,0,0,0,0,0,0,1.35
2388,0,0,0,0,0,0,0,0,1.22
2389,0,0,0,0,0,0,0,0,1.22
2390,0,0,0,0,0,0,0,0,1.18
2391,0,0,0,0,0,0,0,0,1.12
2392,0,0,0,0,0,0,0,0,1.26
2393,0,0,0,0,0,0,0,0,1.03
2394,0,0,0,0,0,0,0,0,0.97
2395,0,0,0,0,0,0,0,0,1.03
2396,0,0,0,0,0,0,0,0,0.91
2397,0,0,0,0,0,0,0,0,1.01
2398,0,0,0,0,0,0,0,0,0.86
2399,0,0,0,0,0,0,0,0,0.87
2400,0,0,0,0,0,0,0,0,0.96
2401,0,0,0,0,0,0,0,0,0.83
2402,0,0,0,0,0,0,0,0,0.86
2403,0,0,0,0,0,0,0,0,0.78
2404,0,0,0,0,0,0,0,0,0.81
2405,0,0,0,0,0,0,0,0,0.74
2406,0,0,0,0,0,0,0,0,0.7
2407,0,0,0,0,0,0,0,0,0.8
2408,0,0,0,0,0,0,0,0,0.93
2409,0,0,0,0,0,0,0,0,0.68
2410,0,0,0,0,0,0,0,0,0.84
2411,0,0,0,0,0,0,0,0,0.72
2412,0,0,0,0,0,0,0,0,0.74
2413,0,0,0,0,0,0,0,0,0.67
2414,0,0,0,0,0,0,0,0,0.74
2415,0,0,0,0,0,0,0,0,0.81
2416,0,0,0,0,0,0,0,0,0.66
2417,0,0,0,0,0,0,0,0,0.65
2418,0,0,0,0,0,0,0,0,0.72
2419,0,0,0,0,0,0,0,0,0.73
2420,0,0,0,0,0,0,0,0,0.63
2421,0,0,0,0,0,0,0,0,0.78
2422,0,0,0,0,0,0,0,0,0.66
2423,0,0,0,0,0,0,0,0,0.62
2424,0,0,0,0,0,0,0,0,0.79
2425,0,0,0,0,0,0,0,0,0.59
2426,0,0,0,0,0,0,0,0,0.71
2427,0,0,0,0,0,0,0,0,0.5
2428,0,0,0,0,0,0,0,0,0.6
2429,0,0,0,0,0,0,0,0,0.65
2430,0,0,0,0,0,0,0,0,0.82
2431,0,0,0,0,0,0,0,0,0.6
2432,0,0,0,0,0,0,0,0,0.73
2433,0,0,0,0,0,0,0,0,0.57
2434,0,0,0,0,0,0,0,0,0.59
2435,0,0,0,0,0,0,0,0,0.6
2436,0,0,0,0,0,0,0,0,0.61
2437,0,0,0,0,0,0,0,0,0.77
2438,0,0,0,0,0,0,0,0,0.64
2439,0,0,0,0,0,0,0,0,0.69
2440,0,0,0,0,0,0,0,0,0.59
2441,0,0,0,0,0,0,0,0,0.57
2442,0,0,0,0,0,0,0,0,0.65
2443,0,0,0,0,0,0,0,0,0.71
2444,0,0,0,0,0,0,0,0,0.72
2445,0,0,0,0,0,0,0,0,0.72
2446,0,0,0,0,0,0,0,0,0.71
2447,0,0,0,0,0,0,0,0,0.8
2448,0,0,0,0,0,0,0,0,0.55
2449,0,0,0,0,0,0,0,0,0.62
2450,0,0,0,0,0,0,0,0,0.86
2451,0,0,0,0,0,0,0,0,0.71
2452,0,0,0,0,0,0,0,0,0.86
2453,0,0,0,0,0,0,0,0,0.8
2454,0,0,0,0,0,0,0,0,0.64
2455,0,0,0,0,0,0,0,0,0.52
2456,0,0,0,0,0,0,0,0,0.52
2457,0,0,0,0,0,0,0,0,0.67
2458,0,0,0,0,0,0,0,0,0.62
2459,0,0,0,0,0,0,0,0,0.71
2460,0,0,0,0,0,0,0,0,0.79
2461,0,0,0,0,0,0,0,0,0.8
2462,0,0,0,0,0,0,0,0,0.59
2463,0,0,0,0,0,0,0,0,0.7
2464,0,0,0,0,0,0,0,0,0.7
2465,0,0,0,0,0,0,0,0,0.8
2466,0,0,0,0,0,0,0,0,0.6
2467,0,0,0,0,0,0,0,0,0.78
2468,0,0,0,0,0,0,0,0,0.9
2469,0,0,0,0,0,0,0,0,0.73
2470,0,0,0,0,0,0,0,0,0.73
2471,0,0,0,0,0,0,0,0,0.66
2472,0,0,0,0,0,0,0,0,0.83
2473,0,0,0,0,0,0,0,0,0.8
2474,0,0,0,0,0,0,0,0,0.72
2475,0,0,0,0,0,0,0,0,0.82
2476,0,0,0,0,0,0,0,0,0.8
2477,0,0,0,0,0,0,0,0,0.9
2478,0,0,0,0,0,0,0,0,0.89
2479,0,0,0,0,0,0,0,0,0.98
2480,0,0,0,0,0,0,0,0,1.01
2481,0,0,0,0,0,0,0,0,0.92
2482,0,0,0,0,0,0,0,0,0.69
2483,0,0,0,0,0,0,0,0,0.78
2484,0,0,0,0,0,0,0,0,0.98
2485,0,0,0,0,0,0,0,0,0.81
2486,0,0,0,0,0,0,0,0,0.84
2487,0,0,0,0,0,0,0,0,1.04
2488,0,0,0,0,0,0,0,0,0.9
2489,0,0,0,0,0,0,0,0,1.08
2490,0,0,0,0,0,0,0,0,1.04
2491,0,0,0,0,0,0,0,0,0.82
2492,0,0,0,0,0,0,0,0,0.91
2493,0,0,0,0,0,0,0,0,0.99
2494,0,0,0,0,0,0,0,0,1.03
2495,0,0,0,0,0,0,0,0,0.95
2496,0,0,0,0,0,0,0,0,1.2
2497,0,0,0,0,0,0,0,0,1.05
2498,0,0,0,0,0,0,0,0,1.04
2499,0,0,0,0,0,0,0,0,0.81
2500,0,0,0,0,0,0,0,0,1.25
2501,0,0,0,0,0,0,0,0,1.15
2502,0,0,0,0,0,0,0,0,1.19
2503,0,0,0,0,0,0,0,0,1.25
2504,0,0,0,0,0,0,0,0,1.3
2505,0,0,0,0,0,0,0,0,1.04
2506,0,0,0,0,0,0,0,0,1.08
2507,0,0,0,0,0,0,0,0,1.28
2508,0,0,0,0,0,0,0,0,1.45
2509,0,0,0,0,0,0,0,0,1.28
2510,0,0,0,0,0,0,0,0,1.21
2511,0,0,0,0,0,0,0,0,1.31
2512,0,0,0,0,0,0,0,0,1.28
2513,0,0,0,0,0,0,0,0,1.28
2514,0,0,0,0,0,0,0,0,1.38
2515,0,0,0,0,0,0,0,0,1.41
2516,0,0,0,0,0,0,0,0,1.52
2517,0,0,0,0,0,0,0,0,1.28
2518,0,0,0,0,0,0,0,0,1.47
2519,0,0,0,0,0,0,0,0,1.57
2520,0,0,1229,2901,2831,4877,29774,43831,1.4
2521,0,0,0,0,0,0,0,0,1.6
2522,0,0,0,0,0,0,0,0,1.59
2523,0,0,0,0,0,0,0,0,1.68
2524,0,0,0,0,0,0,0,0,1.59
2525,0,0,0,0,0,0,0,0,1.1
2526,0,0,0,0,0,0,0,0,1.09
2527,0,0,0,0,0,0,0,0,0.94
2528,0,0,0,0,0,0,0,0,0.71
2529,0,0,0,0,0,0,0,0,0.83
2530,0,0,0,0,0,0,0,0,0.83
2531,0,0,0,0,0,0,0,0,0.84
2532,0,0,0,0,0,0,0,0,0.71
2533,0,0,0,0,0,0,0,0,0.86
2534,0,0,0,0,0,0,0,0,0.77
2535,0,0,0,0,0,0,0,0,0.91
2536,0,0,0,0,0,0,0,0,0.88
2537,0,0,0,0,0,0,0,0,0.9
2538,0,0,0,0,0,0,0,0,0.79
2539,0,0,0,0,0,0,0,0,0.79
2540,0,0,0,0,0,0,0,0,0.74
2541,0,0,0,0,0,0,0,0,0.68
2542,0,0,0,0,0,0,0,0,0.74
2543,0,0,0,0,0,0,0,0,0.61
2544,0,0,0,0,0,0,0,0,0.55
2545,0,0,0,0,0,0,0,0,0.76
2546,0,0,0,0,0,0,0,0,0.69
2547,0,0,0,0,0,0,0,0,0.54
2548,0,0,0,0,0,0,0,0,0.53
2549,0,0,0,0,0,0,0,0,0.57
2550,0,0,0,0,0,0,0,0,0.55
2551,0,0,0,0,0,0,0,0,0.62
2552,0,0,0,0,0,0,0,0,0.46
2553,0,0,0,0,0,0,0,0,0.77
2554,0,0,0,0,0,0,0,0,0.64
2555,0,0,0,0,0,0,0,0,0.66
2556,0,0,0,0,0,0,0,0,0.65
2557,0,0,0,0,0,0,0,0,0.61
2558,0,0,0,0,0,0,0,0,0.59
2559,0,0,0,0,0,0,0,0,0.61
2560,0,0,0,0,0,0,0,0,0.54
2561,0,0,0,0,0,0,0,0,0.55
2562,0,0,0,0,0,0,0,0,0.7
2563,0,0,0,0,0,0,0,0,0.59
2564,0,0,0,0,0,0,0,0,0.44
2565,0,0,0,0,0,0,0,0,0.51
2566,0,0,0,0,0,0,0,0,0.56
2567,0,0,0,0,0,0,0,0,0.59
2568,0,0,0,0,0,0,0,0,0.48
2569,0,0,0,0,0,0,0,0,0.66
2570,0,0,0,0,0,0,0,0,0.56
2571,0,0,0,0,0,0,0,0,0.63
2572,0,0,0,0,0,0,0,0,0.51
2573,0,0,0,0,0,0,0,0,0.43
2574,0,0,0,0,0,0,0,0,0.55
2575,0,0,0,0,0,0,0,0,0.51
2576,0,0,0,0,0,0,0,0,0.7
2577,0,0,0,0,0,0,0,0,0.54
2578,0,0,0,0,0,0,0,0,0.51
2579,0,0,0,0,0,0,0,0,0.55
2580,0,0,0,0,0,0,0,0,0.54
2581,0,0,0,0,0,0,0,0,0.5
2582,0,0,0,0,0,0,0,0,0.56
2583,0,0,0,0,0,0,0,0,0.65
2584,0,0,0,0,0,0,0,0,0.6
2585,0,0,0,0,0,0,0,0,0.45
2586,0,0,0,0,0,0,0,0,0.48
2587,0,0,0,0,0,0,0,0,0.66
2588,0,0,0,0,0,0,0,0,0.56
2589,0,0,0,0,0,0,0,0,0.6
2590,0,0,0,0,0,0,0,0,0.64
2591,0,0,0,0,0,0,0,0,0.68
2592,0,0,0,0,0,0,0,0,0.59
2593,0,0,0,0,0,0,0,0,0.76
2594,0,0,0,0,0,0,0,0,0.65
2595,0,0,0,0,0,0,0,0,0.76
2596,0,0,0,0,0,0,0,0,0.66
2597,0,0,0,0,0,0,0,0,0.64
2598,0,0,0,0,0,0,0,0,0.56
2599,0,0,0,0,0,0,0,0,0.6
2600,0,0,0,0,0,0,0,0,0.58
2601,0,0,0,0,0,0,0,0,0.7
2602,0,0,0,0,0,0,0,0,0.65
2603,0,0,0,0,0,0,0,0,0.66
2604,0,0,0,0,0,0,0,0,0.61
2605,0,0,0,0,0,0,0,0,0.6
2606,0,0,0,0,0,0,0,0,0.58
2607,0,0,0,0,0,0,0,0,0.66
2608,0,0,0,0,0,0,0,0,0.68
2609,0,0,0,0,0,0,0,0,0.87
2610,0,0,0,0,0,0,0,0,0.74
2611,0,0,0,0,0,0,0,0,0.69
2612,0,0,0,0,0,0,0,0,0.64
2613,0,0,0,0,0,0,0,0,0.72
2614,0,0,0,0,0,0,0,0,0.8
2615,0,0,0,0,0,0,0,0,0.83
2616,0,0,0,0,0,0,0,0,0.81
2617,0,0,0,0,0,0,0,0,0.69
2618,0,0,0,0,0,0,0,0,0.73
2619,0,0,0,0,0,0,0,0,0.81
2620,0,0,0,0,0,0,0,0,0.68
2621,0,0,0,0,0,0,0,0,0.85
2622,0,0,0,0,0,0,0,0,0.78
2623,0,0,0,0,0,0,0,0,0.93
2624,0,0,0,0,0,0,0,0,0.92
2625,0,0,0,0,0,0,0,0,0.96
2626,0,0,0,0,0,0,0,0,0.9
2627,0,0,0,0,0,0,0,0,0.79
2628,0,0,0,0,0,0,0,0,0.92
2629,0,0,0,0,0,0,0,0,0.8
2630,0,0,0,0,0,0,0,0,0.92
2631,0,0,0,0,0,0,0,0,1.02
2632,0,0,0,0,0,0,0,0,1.03
2633,0,0,0,0,0,0,0,0,0.85
2634,0,0,0,0,0,0,0,0,1.15
2635,0,0,0,0,0,0,0,0,0.95
2636,0,0,0,0,0,0,0,0,1.01
2637,0,0,0,0,0,0,0,0,1.18
2638,0,0,0,0,0,0,0,0,1.16
2639,0,0,0,0,0,0,0,0,1.07
2640,0,0,0,0,0,0,0,0,1.09
2641,0,0,0,0,0,0,0,0,1.22
2642,0,0,0,0,0,0,0,0,1.13
2643,0,0,0,0,0,0,0,0,1.15
2644,0,0,0,0,0,0,0,0,1.22
2645,0,0,0,0,0,0,0,0,1.18
2646,0,0,0,0,0,0,0,0,1.39
2647,0,0,0,0,0,0,0,0,1.64
2648,0,0,0,0,0,0,0,0,1.43
2649,0,0,0,0,0,0,0,0,1.34
2650,0,0,0,0,0,0,0,0,1.42
2651,0,0,0,0,0,0,0,0,1.51
2652,0,0,0,0,0,0,0,0,1.51
2653,0,0,0,0,0,0,0,0,1.58
2654,0,0,0,0,0,0,0,0,1.6
2655,0,0,0,0,0,0,0,0,1.85
2656,0,0,0,0,0,0,0,0,1.79
2657,0,0,0,0,0,0,0,0,1.37
2658,0,0,0,0,0,0,0,0,1.69
2659,0,0,0,0,0,0,0,0,1.92
2660,0,0,0,0,0,0,0,0,1.66
2661,0,0,0,0,0,0,0,0,1.69
2662,0,0,0,0,0,0,0,0,2.09
2663,0,0,0,0,0,0,0,0,1.87
2664,0,0,0,0,0,0,0,0,2.18
2665,0,0,0,0,0,0,0,0,2.03
2666,0,0,1242,2923,2833,4849,29851,43679,2.17
2667,0,0,0,0,0,0,0,0,2.21
2668,0,0,0,0,0,0,0,0,2.3
2669,0,0,0,0,0,0,0,0,2.22
2670,0,0,0,0,0,0,0,0,2.01
2671,0,0,0,0,0,0,0,0,1.71
2672,0,0,0,0,0,0,0,0,1.45
2673,0,0,0,0,0,0,0,0,1.33
2674,0,0,0,0,0,0,0,0,1.15
2675,0,0,0,0,0,0,0,0,1.09
2676,0,0,0,0,0,0,0,0,1.2
2677,0,0,0,0,0,0,0,0,1.2
2678,0,0,0,0,0,0,0,0,1.34
2679,0,0,0,0,0,0,0,0,1.17
2680,0,0,0,0,0,0,0,0,1.29
2681,0,0,0,0,0,0,0,0,1.3
2682,0,0,0,0,0,0,0,0,1.23
2683,0,0,0,0,0,0,0,0,1.35
2684,0,0,0,0,0,0,0,0,1.32
2685,0,0,0,0,0,0,0,0,1.18
2686,0,0,0,0,0,0,0,0,1.13
2687,0,0,0,0,0,0,0,0,1.18
2688,0,0,0,0,0,0,0,0,1.27
2689,0,0,0,0,0,0,0,0,1.08
2690,0,0,0,0,0,0,0,0,1.15
2691,0,0,0,0,0,0,0,0,0.97
2692,0,0,0,0,0,0,0,0,1.11
2693,0,0,0,0,0,0,0,0,1.04
2694,0,0,0,0,0,0,0,0,1.06
2695,0,0,0,0,0,0,0,0,1.15
2696,0,0,0,0,0,0,0,0,0.96
2697,0,0,0,0,0,0,0,0,1.09
2698,0,0,0,0,0,0,0,0,1.05
2699,0,0,0,0,0,0,0,0,1.19
2700,0,0,0,0,0,0,0,0,0.95
2701,0,0,0,0,0,0,0,0,1.12
2702,0,0,0,0,0,0,0,0,0.95
2703,0,0,0,0,0,0,0,0,0.98
2704,0,0,0,0,0,0,0,0,1.37
2705,0,0,0,0,0,0,0,0,1.15
2706,0,0,0,0,0,0,0,0,1.06
2707,0,0,0,0,0,0,0,0,1.09
2708,0,0,0,0,0,0,0,0,1.14
2709,0,0,0,0,0,0,0,0,1.03
2710,0,0,0,0,0,0,0,0,0.95
2711,0,0,0,0,0,0,0,0,0.96
2712,0,0,0,0,0,0,0,0,0.93
2713,0,0,0,0,0,0,0,0,1.13
2714,0,0,0,0,0,0,0,0,1.13
2715,0,0,0,0,0,0,0,0,1.1
2716,0,0,0,0,0,0,0,0,1.1
2717,0,0,0,0,0,0,0,0,1.14
2718,0,0,0,0,0,0,0,0,1.15
2719,0,0,0,0,0,0,0,0,0.95
2720,0,0,0,0,0,0,0,0,1.22
2721,0,0,0,0,0,0,0,0,1.18
2722,0,0,0,0,0,0,0,0,1.22
2723,0,0,0,0,0,0,0,0,1.14
2724,0,0,0,0,0,0,0,0,1.35
2725,0,0,0,0,0,0,0,0,1.23
2726,0,0,0,0,0,0,0,0,1.17
2727,0,0,0,0,0,0,0,0,1.01
2728,0,0,0,0,0,0,0,0,1.27
2729,0,0,0,0,0,0,0,0,1.28
2730,0,0,0,0,0,0,0,0,1.32
2731,0,0,0,0,0,0,0,0,1.25
2732,0,0,0,0,0,0,0,0,1.21
2733,0,0,0,0,0,0,0,0,1.24
2734,0,0,0,0,0,0,0,0,1.26
2735,0,0,0,0,0,0,0,0,1.15
2736,0,0,0,0,0,0,0,0,1.43
2737,0,0,0,0,0,0,0,0,1.33
2738,0,0,0,0,0,0,0,0,1.52
2739,0,0,0,0,0,0,0,0,1.35
2740,0,0,0,0,0,0,0,0,1.55
2741,0,0,0,0,0,0,0,0,1.33
2742,0,0,0,0,0,0,0,0,1.59
2743,0,0,0,0,0,0,0,0,1.43
2744,0,0,0,0,0,0,0,0,1.49
2745,0,0,0,0,0,0,0,0,1.61
2746,0,0,0,0,0,0,0,0,1.63
2747,0,0,0,0,0,0,0,0,1.74
2748,0,0,0,0,0,0,0,0,1.65
2749,0,0,0,0,0,0,0,0,1.81
2750,0,0,0,0,0,0,0,0,1.66
2751,0,0,0,0,0,0,0,0,1.69
2752,0,0,0,0,0,0,0,0,1.73
2753,0,0,0,0,0,0,0,0,1.91
2754,0,0,0,0,0,0,0,0,1.76
2755,0,0,0,0,0,0,0,0,1.89
2756,0,0,0,0,0,0,0,0,1.84
2757,0,0,0,0,0,0,0,0,1.79
2758,0,0,0,0,0,0,0,0,1.97
2759,0,0,0,0,0,0,0,0,1.65
2760,0,0,0,0,0,0,0,0,2.32
2761,0,0,0,0,0,0,0,0,2.29
2762,0,0,0,0,0,0,0,0,2.34
2763,0,0,0,0,0,0,0,0,2.12
2764,0,0,0,0,0,0,0,0,2.47
2765,0,0,0,0,0,0,0,0,2.33
2766,0,0,0,0,0,0,0,0,2.17
2767,0,0,0,0,0,0,0,0,2.51
2768,0,0,0,0,0,0,0,0,2.43
2769,0,0,0,0,0,0,0,0,2.23
2770,0,0,0,0,0,0,0,0,2.42
2771,0,0,0,0,0,0,0,0,2.54
2772,0,0,0,0,0,0,0,0,2.62
2773,0,0,0,0,0,0,0,0,2.84
2774,0,0,0,0,0,0,0,0,2.86
2775,0,0,0,0,0,0,0,0,2.73
2776,0,0,0,0,0,0,0,0,2.76
2777,0,0,0,0,0,0,0,0,3.27
2778,0,0,0,0,0,0,0,0,3.1
2779,0,0,0,0,0,0,0,0,3.04
2780,0,0,0,0,0,0,0,0,3.24
2781,0,0,0,0,0,0,0,0,3.37
2782,0,0,0,0,0,0,0,0,3.02
2783,0,0,0,0,0,0,0,0,3.54
2784,0,0,0,0,0,0,0,0,3.53
2785,0,0,0,0,0,0,0,0,3.56
2786,0,0,0,0,0,0,0,0,3.97
2787,0,0,0,0,0,0,0,0,3.79
2788,0,0,0,0,0,0,0,0,4.27
2789,0,0,0,0,0,0,0,0,3.83
2790,0,0,0,0,0,0,0,0,3.67
2791,0,0,0,0,0,0,0,0,4.14
2792,0,0,0,0,0,0,0,0,4.19
2793,0,0,0,0,0,0,0,0,4.3
2794,0,0,0,0,0,0,0,0,4.65
2795,0,0,0,0,0,0,0,0,4.49
2796,0,0,0,0,0,0,0,0,4.53
2797,0,0,0,0,0,0,0,0,4.44
2798,0,0,0,0,0,0,0,0,5.09
2799,0,0,0,0,0,0,0,0,5.09
2800,0,0,0,0,0,0,0,0,4.88
2801,0,0,0,0,0,0,0,0,5.16
2802,0,0,0,0,0,0,0,0,5.66
2803,0,0,0,0,0,0,0,0,5.16
2804,0,0,0,0,0,0,0,0,5.52
2805,0,0,0,0,0,0,0,0,5.51
2806,0,0,0,0,0,0,0,0,5.68
2807,0,0,0,0,0,0,0,0,5.95
2808,0,0,0,0,0,0,0,0,6.02
2809,0,0,0,0,0,0,0,0,6.47
2810,0,0,0,0,0,0,0,0,5.95
2811,0,0,0,0,0,0,0,0,6.42
2812,0,0,1270,2917,2871,4829,29657,43904,6.92
2813,0,0,0,0,0,0,0,0,6.96
2814,0,0,0,0,0,0,0,0,7.25
2815,0,0,0,0,0,0,0,0,6.59
2816,0,0,0,0,0,0,0,0,6.32
2817,0,0,0,0,0,0,0,0,5.52
2818,0,0,0,0,0,0,0,0,4.41
2819,0,0,0,0,0,0,0,0,4.16
2820,0,0,0,0,0,0,0,0,4.25
2821,0,0,0,0,0,0,0,0,3.98
2822,0,0,0,0,0,0,0,0,4.26
2823,0,0,0,0,0,0,0,0,3.9
2824,0,0,0,0,0,0,0,0,3.84
2825,0,0,0,0,0,0,0,0,4.14
2826,0,0,0,0,0,0,0,0,4.09
2827,0,0,0,0,0,0,0,0,3.92
2828,0,0,0,0,0,0,0,0,4.31
2829,0,0,0,0,0,0,0,0,3.71
2830,0,0,0,0,0,0,0,0,3.81
2831,0,0,0,0,0,0,0,0,3.74
2832,0,0,0,0,0,0,0,0,3.73
2833,0,0,0,0,0,0,0,0,3.52
2834,0,0,0,0,0,0,0,0,3.53
2835,0,0,0,0,0,0,0,0,3.76
2836,0,0,0,0,0,0,0,0,3.21
2837,0,0,0,0,0,0,0,0,3.33
2838,0,0,0,0,0,0,0,0,3.4
2839,0,0,0,0,0,0,0,0,3.43
2840,0,0,0,0,0,0,0,0,3.49
2841,0,0,0,0,0,0,0,0,3.42
2842,0,0,0,0,0,0,0,0,3.64
2843,0,0,0,0,0,0,0,0,3.48
2844,0,0,0,0,0,0,0,0,3.27
2845,0,0,0,0,0,0,0,0,3.51
2846,0,0,0,0,0,0,0,0,3.25
2847,0,0,0,0,0,0,0,0,3.28
2848,0,0,0,0,0,0,0,0,3.1
2849,0,0,0,0,0,0,0,0,3.5
2850,0,0,0,0,0,0,0,0,3.28
2851,0,0,0,0,0,0,0,0,3.07
2852,0,0,0,0,0,0,0,0,3.14
2853,0,0,0,0,0,0,0,0,3.62
2854,0,0,0,0,0,0,0,0,3.29
2855,0,0,0,0,0,0,0,0,3.03
2856,0,0,0,0,0,0,0,0,3.35
2857,0,0,0,0,0,0,0,0,3.36
2858,0,0,0,0,0,0,0,0,3.47
2859,0,0,0,0,0,0,0,0,3.21
2860,0,0,0,0,0,0,0,0,3.59
2861,0,0,0,0,0,0,0,0,3.65
2862,0,0,0,0,0,0,0,0,3.47
2863,0,0,0,0,0,0,0,0,3.55
2864,0,0,0,0,0,0,0,0,3.6
2865,0,0,0,0,0,0,0,0,3.5
2866,0,0,0,0,0,0,0,0,3.92
2867,0,0,0,0,0,0,0,0,3.47
2868,0,0,0,0,0,0,0,0,3.77
2869,0,0,0,0,0,0,0,0,3.86
2870,0,0,0,0,0,0,0,0,4.11
2871,0,0,0,0,0,0,0,0,3.93
2872,0,0,0,0,0,0,0,0,4.23
2873,0,0,0,0,0,0,0,0,3.96
2874,0,0,0,0,0,0,0,0,3.7
2875,0,0,0,0,0,0,0,0,4.34
2876,0,0,0,0,0,0,0,0,4.01
2877,0,0,0,0,0,0,0,0,4.09
2878,0,0,0,0,0,0,0,0,4.23
2879,0,0,0,0,0,0,0,0,3.94
2880,0,0,0,0,0,0,0,0,4.36
2881,0,0,0,0,0,0,0,0,4.44
2882,0,0,0,0,0,0,0,0,4.37
2883,0,0,0,0,0,0,0,0,4.44
2884,0,0,0,0,0,0,0,0,4.73
2885,0,0,0,0,0,0,0,0,4.65
2886,0,0,0,0,0,0,0,0,4.41
2887,0,0,0,0,0,0,0,0,4.28
2888,0,0,0,0,0,0,0,0,5.03
2889,0,0,0,0,0,0,0,0,5.16
2890,0,0,0,0,0,0,0,0,5.18
2891,0,0,0,0,0,0,0,0,5.13
2892,0,0,0,0,0,0,0,0,5.02
2893,0,0,0,0,0,0,0,0,4.97
2894,0,0,0,0,0,0,0,0,5.68
2895,0,0,0,0,0,0,0,0,5.18
2896,0,0,0,0,0,0,0,0,5.36
2897,0,0,0,0,0,0,0,0,5.48
2898,0,0,0,0,0,0,0,0,5.19
2899,0,0,0,0,0,0,0,0,5.86
2900,0,0,0,0,0,0,0,0,5.9
2901,0,0,0,0,0,0,0,0,6.31
2902,0,0,0,0,0,0,0,0,5.76
2903,0,0,0,0,0,0,0,0,6.12
2904,0,0,0,0,0,0,0,0,6.12
2905,0,0,0,0,0,0,0,0,6.68
2906,0,0,0,0,0,0,0,0,6.51
2907,0,0,0,0,0,0,0,0,6.63
2908,0,0,0,0,0,0,0,0,6.89
2909,0,0,0,0,0,0,0,0,6.87
2910,0,0,0,0,0,0,0,0,6.51
2911,0,0,0,0,0,0,0,0,6.6
2912,0,0,0,0,0,0,0,0,6.89
2913,0,0,0,0,0,0,0,0,7.2
2914,0,0,0,0,0,0,0,0,6.67
2915,0,0,0,0,0,0,0,0,7.1
2916,0,0,0,0,0,0,0,0,7.24
2917,0,0,0,0,0,0,0,0,7.64
2918,0,0,0,0,0,0,0,0,7.85
2919,0,0,0,0,0,0,0,0,7.75
2920,0,0,0,0,0,0,0,0,7.85
2921,0,0,0,0,0,0,0,0,8.22
2922,0,0,0,0,0,0,0,0,8.75
2923,0,0,0,0,0,0,0,0,8.24
2924,0,0,0,0,0,0,0,0,8.36
2925,0,0,0,0,0,0,0,0,9.21
2926,0,0,0,0,0,0,0,0,8.74
2927,0,0,0,0,0,0,0,0,8.59
2928,0,0,0,0,0,0,0,0,8.43
2929,0,0,0,0,0,0,0,0,9.44
2930,0,0,0,0,0,0,0,0,8.99
2931,0,0,0,0,0,0,0,0,9.76
2932,0,0,0,0,0,0,0,0,9.68
2933,0,0,0,0,0,0,0,0,9.81
2934,0,0,0,0,0,0,0,0,10.09
2935,0,0,0,0,0,0,0,0,10.02
2936,0,0,0,0,0,0,0,0,10.47
2937,0,0,0,0,0,0,0,0,9.87
2938,0,0,0,0,0,0,0,0,10.45
2939,0,0,0,0,0,0,0,0,10.59
2940,0,0,0,0,0,0,0,0,10.83
2941,0,0,0,0,0,0,0,0,10.4
2942,0,0,0,0,0,0,0,0,10.75
2943,0,0,0,0,0,0,0,0,11.55
2944,0,0,0,0,0,0,0,0,11.04
2945,0,0,0,0,0,0,0,0,11.53
2946,0,0,0,0,0,0,0,0,11.6
2947,0,0,0,0,0,0,0,0,12
2948,0,0,0,0,0,0,0,0,11.52
2949,0,0,0,0,0,0,0,0,11.62
2950,0,0,0,0,0,0,0,0,11.47
2951,0,0,0,0,0,0,0,0,12.92
2952,0,0,0,0,0,0,0,0,12.34
2953,0,0,0,0,0,0,0,0,11.9
2954,0,0,0,0,0,0,0,0,12.99
2955,0,0,0,0,0,0,0,0,13.06
2956,0,0,0,0,0,0,0,0,13.19
2957,0,0,0,0,0,0,0,0,13.06
2958,0,0,1262,2897,2825,4860,29758,43817,13.05
2959,0,0,0,0,0,0,0,0,13.6
2960,0,0,0,0,0,0,0,0,13.42
2961,0,0,0,0,0,0,0,0,13.85
2962,0,0,0,0,0,0,0,0,11.84
2963,0,0,0,0,0,0,0,0,10.96
2964,0,0,0,0,0,0,0,0,8.9
2965,0,0,0,0,0,0,0,0,8.36
2966,0,0,0,0,0,0,0,0,7.98
2967,0,0,0,0,0,0,0,0,7.43
2968,0,0,0,0,0,0,0,0,7.71
2969,0,0,0,0,0,0,0,0,7.43
2970,0,0,0,0,0,0,0,0,7
2971,0,0,0,0,0,0,0,0,7.22
2972,0,0,0,0,0,0,0,0,6.96
2973,0,0,0,0,0,0,0,0,7.32
2974,0,0,0,0,0,0,0,0,6.66
2975,0,0,0,0,0,0,0,0,7.15
2976,0,0,0,0,0,0,0,0,7.22
2977,0,0,0,0,0,0,0,0,6.41
2978,0,0,0,0,0,0,0,0,6.65
2979,0,0,0,0,0,0,0,0,6.18
2980,0,0,0,0,0,0,0,0,6.13
2981,0,0,0,0,0,0,0,0,5.88
2982,0,0,0,0,0,0,0,0,6.13
2983,0,0,0,0,0,0,0,0,6.09
2984,0,0,0,0,0,0,0,0,5.82
2985,0,0,0,0,0,0,0,0,5.82
2986,0,0,0,0,0,0,0,0,5.94
2987,0,0,0,0,0,0,0,0,5.88
2988,0,0,0,0,0,0,0,0,5.77
2989,0,0,0,0,0,0,0,0,5.46
2990,0,0,0,0,0,0,0,0,5.89
2991,0,0,0,0,0,0,0,0,5.64
2992,0,0,0,0,0,0,0,0,6.15
2993,0,0,0,0,0,0,0,0,5.61
2994,0,0,0,0,0,0,0,0,5.9
2995,0,0,0,0,0,0,0,0,5.78
2996,0,0,0,0,0,0,0,0,5.79
2997,0,0,0,0,0,0,0,0,5.35
2998,0,0,0,0,0,0,0,0,5.53
2999,0,0,0,0,0,0,0,0,5.48
3000,0,0,0,0,0,0,0,0,5.45
3001,0,0,0,0,0,0,0,0,5.56
3002,0,0,0,0,0,0,0,0,6
3003,0,0,0,0,0,0,0,0,5.88
3004,0,0,0,0,0,0,0,0,5.62
3005,0,0,0,0,0,0,0,0,6.16
3006,0,0,0,0,0,0,0,0,6.15
3007,0,0,0,0,0,0,0,0,5.8
3008,0,0,0,0,0,0,0,0,5.94
3009,0,0,0,0,0,0,0,0,5.88
3010,0,0,0,0,0,0,0,0,5.72
3011,0,0,0,0,0,0,0,0,5.65
3012,0,0,0,0,0,0,0,0,6.59
3013,0,0,0,0,0,0,0,0,6.49
3014,0,0,0,0,0,0,0,0,6.27
3015,0,0,0,0,0,0,0,0,6.47
3016,0,0,0,0,0,0,0,0,6.42
3017,0,0,0,0,0,0,0,0,6.19
3018,0,0,0,0,0,0,0,0,6.03
3019,0,0,0,0,0,0,0,0,6.28
3020,0,0,0,0,0,0,0,0,6.62
3021,0,0,0,0,0,0,0,0,6.78
3022,0,0,0,0,0,0,0,0,6.53
3023,0,0,0,0,0,0,0,0,6.76
3024,0,0,0,0,0,0,0,0,6.72
3025,0,0,0,0,0,0,0,0,7.12
3026,0,0,0,0,0,0,0,0,6.86
3027,0,0,0,0,0,0,0,0,6.92
3028,0,0,0,0,0,0,0,0,7.14
3029,0,0,0,0,0,0,0,0,6.8
3030,0,0,0,0,0,0,0,0,7.27
3031,0,0,0,0,0,0,0,0,7.22
3032,0,0,0,0,0,0,0,0,7.59
3033,0,0,0,0,0,0,0,0,7.82
3034,0,0,0,0,0,0,0,0,7.57
3035,0,0,0,0,0,0,0,0,7.29
3036,0,0,0,0,0,0,0,0,7.5
3037,0,0,0,0,0,0,0,0,8.24
3038,0,0,0,0,0,0,0,0,7.68
3039,0,0,0,0,0,0,0,0,8.43
3040,0,0,0,0,0,0,0,0,8.65
3041,0,0,0,0,0,0,0,0,7.92
3042,0,0,0,0,0,0,0,0,8.14
3043,0,0,0,0,0,0,0,0,7.9
3044,0,0,0,0,0,0,0,0,8.25
3045,0,0,0,0,0,0,0,0,8.42
3046,0,0,0,0,0,0,0,0,8.44
3047,0,0,0,0,0,0,0,0,9.01
3048,0,0,0,0,0,0,0,0,9.08
3049,0,0,0,0,0,0,0,0,8.89
3050,0,0,0,0,0,0,0,0,9
3051,0,0,0,0,0,0,0,0,9.21
3052,0,0,0,0,0,0,0,0,8.7
3053,0,0,0,0,0,0,0,0,9.19
3054,0,0,0,0,0,0,0,0,9.93
3055,0,0,0,0,0,0,0,0,9.45
3056,0,0,0,0,0,0,0,0,9.35
3057,0,0,0,0,0,0,0,0,9.5
3058,0,0,0,0,0,0,0,0,9.97
3059,0,0,0,0,0,0,0,0,10.11
3060,0,0,0,0,0,0,0,0,10.7
3061,0,0,0,0,0,0,0,0,10.8
3062,0,0,0,0,0,0,0,0,10.11
3063,0,0,0,0,0,0,0,0,10.74
3064,0,0,0,0,0,0,0,0,11.22
3065,0,0,0,0,0,0,0,0,11.07
3066,0,0,0,0,0,0,0,0,9.96
3067,0,0,0,0,0,0,0,0,10.52
3068,0,0,0,0,0,0,0,0,11.17
3069,0,0,0,0,0,0,0,0,10.82
3070,0,0,0,0,0,0,0,0,11.42
3071,0,0,0,0,0,0,0,0,11.37
3072,0,0,0,0,0,0,0,0,12.05
3073,0,0,0,0,0,0,0,0,11.5
3074,0,0,0,0,0,0,0,0,11.62
3075,0,0,0,0,0,0,0,0,12.25
3076,0,0,0,0,0,0,0,0,12.04
3077,0,0,0,0,0,0,0,0,12.76
3078,0,0,0,0,0,0,0,0,12.12
3079,0,0,0,0,0,0,0,0,12.37
3080,0,0,0,0,0,0,0,0,13.27
3081,0,0,0,0,0,0,0,0,12.46
3082,0,0,0,0,0,0,0,0,12.67
3083,0,0,0,0,0,0,0,0,12.64
3084,0,0,0,0,0,0,0,0,12.98
3085,0,0,0,0,0,0,0,0,13.22
3086,0,0,0,0,0,0,0,0,13.67
3087,0,0,0,0,0,0,0,0,13.88
3088,0,0,0,0,0,0,0,0,14.06
3089,0,0,0,0,0,0,0,0,13.78
3090,0,0,0,0,0,0,0,0,13.94
3091,0,0,0,0,0,0,0,0,13.21
3092,0,0,0,0,0,0,0,0,14.14
3093,0,0,0,0,0,0,0,0,13.96
3094,0,0,0,0,0,0,0,0,14.38
3095,0,0,0,0,0,0,0,0,14.44
3096,0,0,0,0,0,0,0,0,14.9
3097,0,0,0,0,0,0,0,0,15.12
3098,0,0,0,0,0,0,0,0,14.83
3099,0,0,0,0,0,0,0,0,14.44
3100,0,0,0,0,0,0,0,0,15.16
3101,0,0,0,0,0,0,0,0,14.8
3102,0,0,0,0,0,0,0,0,16.03
3103,0,0,0,0,0,0,0,0,15.42
3104,0,0,1253,2908,2838,4843,29765,43864,16.3
3105,0,0,0,0,0,0,0,0,15.62
3106,0,0,0,0,0,0,0,0,15.45
3107,0,0,0,0,0,0,0,0,15.26
3108,0,0,0,0,0,0,0,0,13.91
3109,0,0,0,0,0,0,0,0,12.37
3110,0,0,0,0,0,0,0,0,10.74
3111,0,0,0,0,0,0,0,0,9.43
3112,0,0,0,0,0,0,0,0,8.59
3113,0,0,0,0,0,0,0,0,8.11
3114,0,0,0,0,0,0,0,0,8.83
3115,0,0,0,0,0,0,0,0,8.49
3116,0,0,0,0,0,0,0,0,8.37
3117,0,0,0,0,0,0,0,0,8.6
3118,0,0,0,0,0,0,0,0,8.08
3119,0,0,0,0,0,0,0,0,7.81
3120,0,0,0,0,0,0,0,0,7.7
3121,0,0,0,0,0,0,0,0,7.81
3122,0,0,0,0,0,0,0,0,7.75
3123,0,0,0,0,0,0,0,0,7.85
3124,0,0,0,0,0,0,0,0,7.39
3125,0,0,0,0,0,0,0,0,7.11
3126,0,0,0,0,0,0,0,0,7
3127,0,0,0,0,0,0,0,0,7.34
3128,0,0,0,0,0,0,0,0,6.75
3129,0,0,0,0,0,0,0,0,6.67
3130,0,0,0,0,0,0,0,0,6.44
3131,0,0,0,0,0,0,0,0,6.71
3132,0,0,0,0,0,0,0,0,6.62
3133,0,0,0,0,0,0,0,0,6.31
3134,0,0,0,0,0,0,0,0,6.7
3135,0,0,0,0,0,0,0,0,6.62
3136,0,0,0,0,0,0,0,0,6.23
3137,0,0,0,0,0,0,0,0,6.33
3138,0,0,0,0,0,0,0,0,6.76
3139,0,0,0,0,0,0,0,0,5.75
3140,0,0,0,0,0,0,0,0,6.04
3141,0,0,0,0,0,0,0,0,6.28
3142,0,0,0,0,0,0,0,0,6.3
3143,0,0,0,0,0,0,0,0,6.65
3144,0,0,0,0,0,0,0,0,6.39
3145,0,0,0,0,0,0,0,0,6.16
3146,0,0,0,0,0,0,0,0,6.14
3147,0,0,0,0,0,0,0,0,6.16
3148,0,0,0,0,0,0,0,0,6.21
3149,0,0,0,0,0,0,0,0,6.87
3150,0,0,0,0,0,0,0,0,6.45
3151,0,0,0,0,0,0,0,0,6.5
3152,0,0,0,0,0,0,0,0,6.45
3153,0,0,0,0,0,0,0,0,6.45
3154,0,0,0,0,0,0,0,0,6.62
3155,0,0,0,0,0,0,0,0,6.64
3156,0,0,0,0,0,0,0,0,6.16
3157,0,0,0,0,0,0,0,0,6.89
3158,0,0,0,0,0,0,0,0,6.65
3159,0,0,0,0,0,0,0,0,6.59
3160,0,0,0,0,0,0,0,0,6.94
3161,0,0,0,0,0,0,0,0,6.54
3162,0,0,0,0,0,0,0,0,6.8
3163,0,0,0,0,0,0,0,0,7.2
3164,0,0,0,0,0,0,0,0,7.21
3165,0,0,0,0,0,0,0,0,7.01
3166,0,0,0,0,0,0,0,0,7.04
3167,0,0,0,0,0,0,0,0,7.75
3168,0,0,0,0,0,0,0,0,7.05
3169,0,0,0,0,0,0,0,0,6.99
3170,0,0,0,0,0,0,0,0,8.1
3171,0,0,0,0,0,0,0,0,7.56
3172,0,0,0,0,0,0,0,0,7.44
3173,0,0,0,0,0,0,0,0,7.98
3174,0,0,0,0,0,0,0,0,7.7
3175,0,0,0,0,0,0,0,0,7.85
3176,0,0,0,0,0,0,0,0,7.59
3177,0,0,0,0,0,0,0,0,7.99
3178,0,0,0,0,0,0,0,0,8.22
3179,0,0,0,0,0,0,0,0,8.43
3180,0,0,0,0,0,0,0,0,8.62
3181,0,0,0,0,0,0,0,0,7.87
3182,0,0,0,0,0,0,0,0,8.4
3183,0,0,0,0,0,0,0,0,8.57
3184,0,0,0,0,0,0,0,0,8.88
3185,0,0,0,0,0,0,0,0,9.18
3186,0,0,0,0,0,0,0,0,8.82
3187,0,0,0,0,0,0,0,0,9.14
3188,0,0,0,0,0,0,0,0,9.04
3189,0,0,0,0,0,0,0,0,9.39
3190,0,0,0,0,0,0,0,0,9.14
3191,0,0,0,0,0,0,0,0,9.38
3192,0,0,0,0,0,0,0,0,9.68
3193,0,0,0,0,0,0,0,0,9.92
3194,0,0,0,0,0,0,0,0,9.74
3195,0,0,0,0,0,0,0,0,9.6
3196,0,0,0,0,0,0,0,0,9.77
3197,0,0,0,0,0,0,0,0,10.17
3198,0,0,0,0,0,0,0,0,9.91
3199,0,0,0,0,0,0,0,0,9.87
3200,0,0,0,0,0,0,0,0,10.15
3201,0,0,0,0,0,0,0,0,10.53
3202,0,0,0,0,0,0,0,0,10.54
3203,0,0,0,0,0,0,0,0,10.95
3204,0,0,0,0,0,0,0,0,10.95
3205,0,0,0,0,0,0,0,0,10.82
3206,0,0,0,0,0,0,0,0,11.19
3207,0,0,0,0,0,0,0,0,10.85
3208,0,0,0,0,0,0,0,0,10.99
3209,0,0,0,0,0,0,0,0,11.66
3210,0,0,0,0,0,0,0,0,10.91
3211,0,0,0,0,0,0,0,0,11.8
3212,0,0,0,0,0,0,0,0,10.73
3213,0,0,0,0,0,0,0,0,12.08
3214,0,0,0,0,0,0,0,0,11.84
3215,0,0,0,0,0,0,0,0,11.8
3216,0,0,0,0,0,0,0,0,12.3
3217,0,0,0,0,0,0,0,0,11.8
3218,0,0,0,0,0,0,0,0,13.12
3219,0,0,0,0,0,0,0,0,12.9
3220,0,0,0,0,0,0,0,0,12.02
3221,0,0,0,0,0,0,0,0,12.85
3222,0,0,0,0,0,0,0,0,12.31
3223,0,0,0,0,0,0,0,0,12.39
3224,0,0,0,0,0,0,0,0,13.81
3225,0,0,0,0,0,0,0,0,13.17
3226,0,0,0,0,0,0,0,0,13.52
3227,0,0,0,0,0,0,0,0,12.95
3228,0,0,0,0,0,0,0,0,13.85
3229,0,0,0,0,0,0,0,0,13.8
3230,0,0,0,0,0,0,0,0,14.09
3231,0,0,0,0,0,0,0,0,14.24
3232,0,0,0,0,0,0,0,0,13.38
3233,0,0,0,0,0,0,0,0,13.73
3234,0,0,0,0,0,0,0,0,13.89
3235,0,0,0,0,0,0,0,0,14.52
3236,0,0,0,0,0,0,0,0,13.93
3237,0,0,0,0,0,0,0,0,14.47
3238,0,0,0,0,0,0,0,0,14.62
3239,0,0,0,0,0,0,0,0,14.57
3240,0,0,0,0,0,0,0,0,15.3
3241,0,0,0,0,0,0,0,0,14.95
3242,0,0,0,0,0,0,0,0,14.42
3243,0,0,0,0,0,0,0,0,15.41
3244,0,0,0,0,0,0,0,0,14.7
3245,0,0,0,0,0,0,0,0,16.07
3246,0,0,0,0,0,0,0,0,15.91
3247,0,0,0,0,0,0,0,0,15.11
3248,0,0,0,0,0,0,0,0,15.21
3249,0,0,0,0,0,0,0,0,16.08
3250,0,0,1243,2912,2834,4834,29873,43783,16.02
3251,0,0,0,0,0,0,0,0,15.96
3252,0,0,0,0,0,0,0,0,16.28
3253,0,0,0,0,0,0,0,0,16.59
3254,0,0,0,0,0,0,0,0,14.46
3255,0,0,0,0,0,0,0,0,12.36
3256,0,0,0,0,0,0,0,0,10.53
3257,0,0,0,0,0,0,0,0,9.89
3258,0,0,0,0,0,0,0,0,8.98
3259,0,0,0,0,0,0,0,0,8.32
3260,0,0,0,0,0,0,0,0,8.46
3261,0,0,0,0,0,0,0,0,8.11
3262,0,0,0,0,0,0,0,0,8.4
3263,0,0,0,0,0,0,0,0,8.98
3264,0,0,0,0,0,0,0,0,8.29
3265,0,0,0,0,0,0,0,0,8.62
3266,0,0,0,0,0,0,0,0,8.07
3267,0,0,0,0,0,0,0,0,8.84
3268,0,0,0,0,0,0,0,0,7.51
3269,0,0,0,0,0,0,0,0,7.88
3270,0,0,0,0,0,0,0,0,7.1
3271,0,0,0,0,0,0,0,0,7.28
3272,0,0,0,0,0,0,0,0,7.06
3273,0,0,0,0,0,0,0,0,6.88
3274,0,0,0,0,0,0,0,0,6.31
3275,0,0,0,0,0,0,0,0,6.81
3276,0,0,0,0,0,0,0,0,6.79
3277,0,0,0,0,0,0,0,0,7
3278,0,0,0,0,0,0,0,0,7.08
3279,0,0,0,0,0,0,0,0,6.39
3280,0,0,0,0,0,0,0,0,6.5
3281,0,0,0,0,0,0,0,0,6.54
3282,0,0,0,0,0,0,0,0,6.71
3283,0,0,0,0,0,0,0,0,6.61
3284,0,0,0,0,0,0,0,0,6.1
3285,0,0,0,0,0,0,0,0,6.15
3286,0,0,0,0,0,0,0,0,6.37
3287,0,0,0,0,0,0,0,0,6.3
3288,0,0,0,0,0,0,0,0,6.31
3289,0,0,0,0,0,0,0,0,6.55
3290,0,0,0,0,0,0,0,0,6.65
3291,0,0,0,0,0,0,0,0,6.68
3292,0,0,0,0,0,0,0,0,6.37
3293,0,0,0,0,0,0,0,0,6.85
3294,0,0,0,0,0,0,0,0,6.78
3295,0,0,0,0,0,0,0,0,6.31
3296,0,0,0,0,0,0,0,0,6.13
3297,0,0,0,0,0,0,0,0,6.88
3298,0,0,0,0,0,0,0,0,6.34
3299,0,0,0,0,0,0,0,0,6.17
3300,0,0,0,0,0,0,0,0,6.76
3301,0,0,0,0,0,0,0,0,6.61
3302,0,0,0,0,0,0,0,0,6.95
3303,0,0,0,0,0,0,0,0,6.33
3304,0,0,0,0,0,0,0,0,6.78
3305,0,0,0,0,0,0,0,0,6.57
3306,0,0,0,0,0,0,0,0,6.39
3307,0,0,0,0,0,0,0,0,7.18
3308,0,0,0,0,0,0,0,0,6.85
3309,0,0,0,0,0,0,0,0,7.07
3310,0,0,0,0,0,0,0,0,6.93
3311,0,0,0,0,0,0,0,0,7.59
3312,0,0,0,0,0,0,0,0,7.28
3313,0,0,0,0,0,0,0,0,7.39
3314,0,0,0,0,0,0,0,0,7.28
3315,0,0,0,0,0,0,0,0,6.96
3316,0,0,0,0,0,0,0,0,7.26
3317,0,0,0,0,0,0,0,0,7.5
3318,0,0,0,0,0,0,0,0,7.19
3319,0,0,0,0,0,0,0,0,7.3
3320,0,0,0,0,0,0,0,0,7.13
3321,0,0,0,0,0,0,0,0,7.89
3322,0,0,0,0,0,0,0,0,7.66
3323,0,0,0,0,0,0,0,0,8.33
3324,0,0,0,0,0,0,0,0,7.9
3325,0,0,0,0,0,0,0,0,7.82
3326,0,0,0,0,0,0,0,0,8.2
3327,0,0,0,0,0,0,0,0,7.89
3328,0,0,0,0,0,0,0,0,8.06
3329,0,0,0,0,0,0,0,0,8.29
3330,0,0,0,0,0,0,0,0,8.53
3331,0,0,0,0,0,0,0,0,8.59
3332,0,0,0,0,0,0,0,0,8.51
3333,0,0,0,0,0,0,0,0,7.98
3334,0,0,0,0,0,0,0,0,9.04
3335,0,0,0,0,0,0,0,0,8.37
3336,0,0,0,0,0,0,0,0,8.2
3337,0,0,0,0,0,0,0,0,8.54
3338,0,0,0,0,0,0,0,0,9.22
3339,0,0,0,0,0,0,0,0,9.66
3340,0,0,0,0,0,0,0,0,8.93
3341,0,0,0,0,0,0,0,0,9.34
3342,0,0,0,0,0,0,0,0,9.6
3343,0,0,0,0,0,0,0,0,9.67
3344,0,0,0,0,0,0,0,0,9.52
3345,0,0,0,0,0,0,0,0,9.91
3346,0,0,0,0,0,0,0,0,9.66
3347,0,0,0,0,0,0,0,0,10.13
3348,0,0,0,0,0,0,0,0,9.46
3349,0,0,0,0,0,0,0,0,10.05
3350,0,0,0,0,0,0,0,0,10.42
3351,0,0,0,0,0,0,0,0,10.91
3352,0,0,0,0,0,0,0,0,10.67
3353,0,0,0,0,0,0,0,0,11.18
3354,0,0,0,0,0,0,0,0,10.56
3355,0,0,0,0,0,0,0,0,10.21
3356,0,0,0,0,0,0,0,0,11.64
3357,0,0,0,0,0,0,0,0,11.29
3358,0,0,0,0,0,0,0,0,11.42
